/*
 Navicat Premium Data Transfer

 Source Server         : mysql
 Source Server Type    : MySQL
 Source Server Version : 80036 (8.0.36)
 Source Host           : localhost:3306
 Source Schema         : musical

 Target Server Type    : MySQL
 Target Server Version : 80036 (8.0.36)
 File Encoding         : 65001

 Date: 22/05/2024 10:44:37
*/

SET NAMES utf8mb4;
SET FOREIGN_KEY_CHECKS = 0;

-- ----------------------------
-- Table structure for playlist
-- ----------------------------
DROP TABLE IF EXISTS `playlist`;
CREATE TABLE `playlist`  (
  `id` int NOT NULL AUTO_INCREMENT,
  `playlist_name` varchar(255) CHARACTER SET utf8mb4 COLLATE utf8mb4_0900_ai_ci NULL DEFAULT NULL,
  `user_id` int NULL DEFAULT NULL,
  `createdAt` timestamp NULL DEFAULT CURRENT_TIMESTAMP,
  PRIMARY KEY (`id`) USING BTREE,
  INDEX `userFK`(`user_id` ASC) USING BTREE,
  CONSTRAINT `userFK` FOREIGN KEY (`user_id`) REFERENCES `user` (`id`) ON DELETE RESTRICT ON UPDATE RESTRICT
) ENGINE = InnoDB AUTO_INCREMENT = 8 CHARACTER SET = utf8mb4 COLLATE = utf8mb4_0900_ai_ci ROW_FORMAT = DYNAMIC;

-- ----------------------------
-- Records of playlist
-- ----------------------------
INSERT INTO `playlist` VALUES (1, 'west', 12, '2024-03-03 19:51:56');
INSERT INTO `playlist` VALUES (2, 'indo', 12, '2024-03-03 20:50:08');
INSERT INTO `playlist` VALUES (3, 'lagu campuran', 14, '2024-05-15 12:22:06');
INSERT INTO `playlist` VALUES (4, 'indo', 15, '2024-05-16 02:39:27');
INSERT INTO `playlist` VALUES (5, 'teman_santai', 16, '2024-05-18 18:57:06');
INSERT INTO `playlist` VALUES (6, 'lagu-laguan', 17, '2024-05-20 14:16:49');
INSERT INTO `playlist` VALUES (7, 'lagu-laguan', 18, '2024-05-20 14:43:04');

-- ----------------------------
-- Table structure for playlists_songs
-- ----------------------------
DROP TABLE IF EXISTS `playlists_songs`;
CREATE TABLE `playlists_songs`  (
  `song_id` int NOT NULL,
  `playlist_id` int NOT NULL,
  PRIMARY KEY (`playlist_id`, `song_id`) USING BTREE,
  INDEX `songsFK`(`song_id` ASC) USING BTREE,
  CONSTRAINT `playlistFK` FOREIGN KEY (`playlist_id`) REFERENCES `playlist` (`id`) ON DELETE RESTRICT ON UPDATE RESTRICT,
  CONSTRAINT `songsFK` FOREIGN KEY (`song_id`) REFERENCES `song` (`id`) ON DELETE RESTRICT ON UPDATE RESTRICT
) ENGINE = InnoDB CHARACTER SET = utf8mb4 COLLATE = utf8mb4_0900_ai_ci ROW_FORMAT = DYNAMIC;

-- ----------------------------
-- Records of playlists_songs
-- ----------------------------
INSERT INTO `playlists_songs` VALUES (4, 1);
INSERT INTO `playlists_songs` VALUES (4, 5);
INSERT INTO `playlists_songs` VALUES (5, 1);
INSERT INTO `playlists_songs` VALUES (5, 2);
INSERT INTO `playlists_songs` VALUES (5, 4);
INSERT INTO `playlists_songs` VALUES (7, 2);
INSERT INTO `playlists_songs` VALUES (7, 4);
INSERT INTO `playlists_songs` VALUES (10, 1);
INSERT INTO `playlists_songs` VALUES (10, 6);
INSERT INTO `playlists_songs` VALUES (10, 7);
INSERT INTO `playlists_songs` VALUES (13, 6);
INSERT INTO `playlists_songs` VALUES (15, 7);
INSERT INTO `playlists_songs` VALUES (19, 7);
INSERT INTO `playlists_songs` VALUES (22, 3);

-- ----------------------------
-- Table structure for song
-- ----------------------------
DROP TABLE IF EXISTS `song`;
CREATE TABLE `song`  (
  `id` int NOT NULL AUTO_INCREMENT,
  `song_name` varchar(255) CHARACTER SET utf8mb4 COLLATE utf8mb4_0900_ai_ci NULL DEFAULT NULL,
  `artist` varchar(255) CHARACTER SET utf8mb4 COLLATE utf8mb4_0900_ai_ci NULL DEFAULT NULL,
  `thumbnail` varchar(255) CHARACTER SET utf8mb4 COLLATE utf8mb4_0900_ai_ci NULL DEFAULT NULL,
  `genre` varchar(255) CHARACTER SET utf8mb4 COLLATE utf8mb4_0900_ai_ci NULL DEFAULT NULL,
  `lirik` text CHARACTER SET utf8mb4 COLLATE utf8mb4_0900_ai_ci NULL,
  `song_url` varchar(255) CHARACTER SET utf8mb4 COLLATE utf8mb4_0900_ai_ci NULL DEFAULT NULL,
  `video` varchar(255) CHARACTER SET utf8mb4 COLLATE utf8mb4_0900_ai_ci NULL DEFAULT NULL,
  `chord` text CHARACTER SET utf8mb4 COLLATE utf8mb4_0900_ai_ci NULL,
  `video_chord` varchar(255) CHARACTER SET utf8mb4 COLLATE utf8mb4_0900_ai_ci NULL DEFAULT NULL,
  `createdAt` timestamp NULL DEFAULT CURRENT_TIMESTAMP,
  PRIMARY KEY (`id`) USING BTREE
) ENGINE = InnoDB AUTO_INCREMENT = 25 CHARACTER SET = utf8mb4 COLLATE = utf8mb4_0900_ai_ci ROW_FORMAT = DYNAMIC;

-- ----------------------------
-- Records of song
-- ----------------------------
INSERT INTO `song` VALUES (4, 'Bertaut', 'Nadin Amizah', 'Nadin bertaut.png', 'Alternatif/Indie', 'Bun, hidup berjalan seperti bajingan\r\nSeperti landak yang tak punya teman\r\nIa menggonggong bak suara hujan\r\nDan kau pangeranku, mengambil peran\r\nBun, kalau saat hancur, ku disayang\r\nApalagi saat ku jadi juara\r\nSaat tak tahu arah, kau di sana\r\nMenjadi gagah saat ku tak bisa\r\nSedikit kujelaskan tentangku dan kamu\r\nAgar seisi dunia tahu\r\nKeras kepalaku sama denganmu\r\nCaraku marah, caraku tersenyum\r\nSeperti detak jantung yang bertaut\r\nNyawaku nyala kar\'na denganmu\r\nAku masih ada sampai di sini\r\nMelihatmu kuat setengah mati\r\nSeperti detak jantung yang bertaut\r\nNyawaku nyala kar\'na denganmu\r\nBun, aku masih tak mengerti banyak hal\r\nSemuanya berenang di kepala\r\nDan kau, dan semua yang kautahu tentangnya\r\nMenjadi jawab saat ku bertanya\r\nSedikit kujelaskan tentangku dan kamu\r\nAgar seisi dunia tahu\r\nKeras kepalaku sama denganmu\r\nCaraku marah, caraku tersenyum\r\nSeperti detak jantung yang bertaut\r\nNyawaku nyala kar\'na denganmu\r\nAku masih ada sampai di sini\r\nMelihatmu kuat setengah mati\r\nSeperti detak jantung yang bertaut\r\nNyawaku nyala kar\'na denganmu\r\nSemoga lama hidupmu di sini\r\nMelihatku berjuang sampai akhir\r\nSeperti detak jantung yang bertaut\r\nNyawaku nyala kar\'na denganmu\r\nHu-oh-oh, hu-ho-oh', NULL, 'nadinamizah-bertaut.mp4', '<div className=\"flex flex-col py-4 px-4\">\r\n      <div className=\"text-white\">\r\n        <h1 className=\"font-bold text-3xl\">\r\n          Kunci Gitar Nadin Amizah Bertaut chord\r\n        </h1>\r\n        <h2 className=\"flex flex-col py-6\">\r\n          <p>\r\n            <span className=\"text-md\">Penulis Chord: Ilham</span>\r\n          </p>\r\n          <p>\r\n            <span className=\"text-md\">Kesulitan: Mudah</span>\r\n          </p>\r\n          <p>\r\n            <span className=\"text-md\">Penyetelan: E A D G B E</span>\r\n          </p>\r\n          <p>\r\n            <span className=\"text-md\">Capo: fret 6</span>\r\n          </p>\r\n        </h2>\r\n        <hr className=\"border-gray-500\" />\r\n      </div>\r\n\r\n      <div className=\"flex flex-col py-8\">\r\n        <div className=\"text-whtie tracking-widest text-md py-1\">\r\n          <br /> [Intro]\r\n          <br />C Em Am\r\n          <br />F Fm C\r\n          <br />\r\n          <br />\r\n          <br />\r\n          [Verse 1]\r\n          <br /> C Em Am\r\n          <br />\r\n          Bun, hidup berjalan seperti bajingan\r\n          <br /> F Fm C\r\n          <br />\r\n          Seperti landak yang tak punya teman\r\n          <br /> C Em Am\r\n          <br />\r\n          Ia menggonggong bak suara hujan\r\n          <br /> F Fm C\r\n          <br />\r\n          Dan kau pangeranku, mengambil peran\r\n          <br /> C Em Am\r\n          <br />\r\n          Bun, kalau saat hancurku disayang\r\n          <br /> F Fm C\r\n          <br />\r\n          Apalagi saat ku jadi juara\r\n          <br /> C Em Am\r\n          <br />\r\n          Saat tak tau arah kau di sana\r\n          <br /> F Fm C\r\n          <br />\r\n          Menjadi gagah saat ku tak bisa\r\n          <br />\r\n          <br />\r\n          <br />\r\n          [Pre-Chorus]\r\n          <br /> F\r\n          <br />\r\n          Sedikit ku jelaskan tentang ku dan kamu\r\n          <br /> F\r\n          <br />\r\n          Agar seisi dunia tau\r\n          <br />\r\n          <br />\r\n          <br />\r\n          [Chorus]\r\n          <br /> C\r\n          <br />\r\n          Keras kepalaku sama denganmu\r\n          <br /> F\r\n          <br />\r\n          Cara ku marah cara ku tersenyum\r\n          <br /> Am\r\n          <br />\r\n          Seperti detak jantung yang bertaut\r\n          <br /> F\r\n          <br />\r\n          Nyawaku nyala karna denganmu..\r\n          <br /> C\r\n          <br />\r\n          Aku masih ada sampai disini\r\n          <br /> F\r\n          <br />\r\n          Melihatmu kuat setengah mati\r\n          <br /> Am\r\n          <br />\r\n          Seperti detak jantung yang bertaut\r\n          <br /> F C F\r\n          <br />\r\n          Nyawaku nyala karna denganmu\r\n          <br />\r\n          <br />\r\n          <br />\r\n          [Verse 2]\r\n          <br /> C Em Am\r\n          <br />\r\n          Bun, aku masih tak mengerti banyak hal\r\n          <br /> F Fm C\r\n          <br />\r\n          Semua nya berenang di kepala\r\n          <br /> C Em Am\r\n          <br />\r\n          Dan kau dan semua yang kau tau tentangnya\r\n          <br /> F Fm C\r\n          <br />\r\n          Menjadi jawab saat ku bertanya\r\n          <br />\r\n          <br />\r\n          <br />\r\n          [Pre-Chorus]\r\n          <br />F\r\n          <br />\r\n          Sedikit ku jelaskan tentang ku dan kamu\r\n          <br /> F\r\n          <br />\r\n          Agar seisi dunia tau\r\n          <br />\r\n          <br />\r\n          <br />\r\n          [Chorus]\r\n          <br /> C\r\n          <br />\r\n          Keras kepalaku sama denganmu\r\n          <br /> F\r\n          <br />\r\n          Cara ku marah cara ku tersenyum\r\n          <br /> Am\r\n          <br />\r\n          Seperti detak jantung yang bertaut\r\n          <br /> F\r\n          <br />\r\n          Nyawaku nyala karna denganmu..\r\n          <br /> C\r\n          <br />\r\n          Aku masih ada sampai disini\r\n          <br /> F\r\n          <br />\r\n          Melihatmu kuat setengah mati\r\n          <br /> Am\r\n          <br />\r\n          Seperti detak jantung yang bertaut\r\n          <br /> F C F\r\n          <br />\r\n          Nyawaku nyala karna denganmu\r\n          <br />\r\n          <br />\r\n          <br />\r\n          [Outro]\r\n          <br /> C\r\n          <br />\r\n          Semoga lama hidupmu di sini\r\n          <br /> F\r\n          <br />\r\n          Melihatku berjuang sampai akhir\r\n          <br /> Am\r\n          <br />\r\n          Seperti detak jantung yang bertaut\r\n          <br /> F C F\r\n          <br />\r\n          Nyawaku nyala kar\'na denganmu\r\n        </div>\r\n      </div>\r\n    </div>', 'tutorgitarbertaut-nadinamizah.mp4', '2024-03-03 18:54:51');
INSERT INTO `song` VALUES (5, 'Rayuan Perempuan Gila', 'Nadin Amizah', 'album nadin amizah.jpg', 'Alternatif/Indie', 'Menurutmu, berapa lama lagi kau \'kan mencintaiku?\r\nMenurutmu, apa yang bisa terjadi dalam sewindu?\r\nBukan apa, hanya bersiap, tak ada yang tahu, aku takut\r\nTak pernah ada yang lama menungguku sejak dulu\r\nYang terjadi sebelumnya\r\nSemua orang takut padaku, wo-oh-oh\r\nMemang tidak mudah\r\nMencintai diri ini\r\nNamun, aku berjanji\r\nAkan mereda, wo-oh-oh, seperti semestinya\r\nMenurutmu, apa benar saat ini kau masih mencintaiku?\r\nMenurutmu, apa yang bisa dicinta dari diriku?\r\nBukan apa, hanya bersiap, tak ada yang tahu, aku takut\r\nTak pernah ada yang lama menungguku sejak dulu\r\nYang terjadi sebelumnya\r\nSemua orang takut padaku, wo-oh-oh\r\nPanggil aku\r\nPerempuan gila\r\nHantu berkepala\r\nKeji membunuh kasihnya\r\nPenuh ganggu\r\nDi dalam jiwanya\r\nSambil penuh cinta\r\nDiam-diam berusaha\r\nS\'lalu tahu\r\nAkan ditinggalkan\r\nNamun, demi Tuhan\r\nAku berusaha\r\nMemang tidak mudah\r\nMencintai diri ini\r\nNamun, aku berjanji\r\nAkan mereda seperti semestinya, uh-hu-uh', NULL, 'nadinamizah-rayuanperempuangila.mp4', '<div className=\"flex flex-col py-4 px-4\">\r\n      <div className=\"text-white\">\r\n        <h1 className=\"font-bold text-3xl\">\r\n          Kunci Gitar Nadin Amizah Rayuan Perempaun Gila chord\r\n        </h1>\r\n        <h2 className=\"flex flex-col py-6\">\r\n          <p>\r\n            <span className=\"text-md\">Penulis Chord: Ilham</span>\r\n          </p>\r\n          <p>\r\n            <span className=\"text-md\">Kesulitan: Sulit</span>\r\n          </p>\r\n          <p>\r\n            <span className=\"text-md\">Penyetelan: E A D G B E</span>\r\n          </p>\r\n          <p>\r\n            <span className=\"text-md\">Capo: No Capo</span>\r\n          </p>\r\n        </h2>\r\n        <br />\r\n        <hr className=\"border-gray-500\" />\r\n      </div>\r\n\r\n      <div className=\"flex flex-col py-8\">\r\n        <div className=\"text-whtie tracking-widest text-md py-1\">\r\n          <br /> [Verse 1]\r\n          <br />\r\n          Db Fm\r\n          <br />\r\n          Menurutmu berapa lama lagi kau kan mencintaku?\r\n          <br />\r\n          Bbm Ab Ab7\r\n          <br />\r\n          Menurutmu apa yang bisa terjadi dalam sewindu?\r\n          <br />\r\n          Db Fm\r\n          <br />\r\n          Bukan apa, hanya bersiap, tak ada yang tahu, aku takut\r\n          <br />\r\n          Gb Ab Ab7\r\n          <br />\r\n          Tak pernah ada yang lama menungguku sejak dulu\r\n          <br />\r\n          <br />\r\n          [Pre-Chorus]\r\n          <br />\r\n          GbMaj7 Bbm\r\n          <br />\r\n          Yang terjadi sebelumnya\r\n          <br /> Em Ab7\r\n          <br />\r\n          Semua orang takut padaku\r\n          <br />\r\n          <br />\r\n          [Chorus]\r\n          <br />\r\n          Db Fm\r\n          <br />\r\n          Memang tidak mudah\r\n          <br />\r\n          Ebm Ab7\r\n          <br />\r\n          Mencintai diri ini\r\n          <br />\r\n          Db Fm\r\n          <br />\r\n          Namun aku berjanji\r\n          <br />\r\n          Ebm Ab Ab7\r\n          <br />\r\n          Akan mereda seperti semestinya\r\n          <br />\r\n          <br />\r\n          [Verse 2]\r\n          <br />\r\n          Db Fm\r\n          <br />\r\n          Menurutmu apa benar saat ini kau masih mencintaku?\r\n          <br />\r\n          Bbm Ab7\r\n          <br />\r\n          Menurutmu apa yang bisa dicinta dari diriku?\r\n          <br />\r\n          Db Fm\r\n          <br />\r\n          Bukan apa, hanya bersiap, tak ada yang tahu, aku takut\r\n          <br />\r\n          Gb Ab Ab7\r\n          <br />\r\n          Tak pernah ada yang lama menungguku sejak dulu\r\n          <br />\r\n          <br />\r\n          [Pre-Chorus]\r\n          <br />\r\n          GbMaj7 Bbm\r\n          <br />\r\n          Yang terjadi sebelumnya\r\n          <br /> Em Ab7\r\n          <br />\r\n          Semua orang takut padaku\r\n          <br />\r\n          <br />\r\n          [Bridge]\r\n          <br />\r\n          Gb Gbm Db\r\n          <br />\r\n          Panggil aku perempuan gila\r\n          <br />\r\n          Gb Ab7 Db Ab G7\r\n          <br />\r\n          Hantu berkepala, keji membunuh kasihnya\r\n          <br />\r\n          GbMaj7 Gbm Dbm Em\r\n          <br />\r\n          Penuh ganggu di dalam jiwanya\r\n          <br />\r\n          Ebm Ab7 Db Db7\r\n          <br />\r\n          Sambil penuh cinta diam-diam berusaha\r\n          <br />\r\n          Gbmaj7 Gbm Gb Fm Dbm Bbm\r\n          <br />\r\n          Selalu tahu akan ditinggalkan\r\n          <br />\r\n          Ebm Ab Ab7\r\n          <br />\r\n          Namun demi Tuhan aku berusaha!\r\n          <br />\r\n          <br />\r\n          [Chorus]\r\n          <br />\r\n          Db Fm\r\n          <br />\r\n          Memang tidak mudah\r\n          <br />\r\n          Ebm Ab7 Ab\r\n          <br />\r\n          Mencintai diri ini\r\n          <br />\r\n          Db Fm\r\n          <br />\r\n          Namun aku berjanji\r\n          <br />\r\n          Ebm Ab7\r\n          <br />\r\n          Akan mereda seperti semestinya\r\n          <br />\r\n          <br />\r\n          [Outro]\r\n          <br /> Db Fm\r\n          <br />\r\n          (Memang tidak mudah)\r\n          <br />\r\n          Ebm Ab Ab7\r\n          <br />\r\n          (Mencintai diri ini)\r\n          <br />\r\n          Db Fm\r\n          <br />\r\n          (Namun aku berjanji)\r\n          <br />\r\n          Ebm Ab Ab7\r\n          <br />\r\n          (Akan mereda seperti semestinya)\r\n          <br />\r\n          <br />\r\n          Gm GbMaj7 Dbm Fm E Ebm Ab Db\r\n        </div>\r\n      </div>\r\n    </div>', 'tutorgitarperempuangila-nadinamizah.mp4', '2024-03-03 20:07:37');
INSERT INTO `song` VALUES (6, 'Until I Found You', 'Stephen Sanchez', 'album until i found you.jpg', 'Musik pop, Pop rok, Singer-Songwriter', 'Georgia, wrap me up in all your\r\nI want you in my arms\r\nOh, let me hold you\r\nI\'ll never let you go again like I did\r\nOh, I used to say\r\nI would never fall in love again until I found her\r\nI said, \"I would never fall unless it\'s you I fall into\"\r\nI was lost within the darkness, but then I found her\r\nI found you\r\nGeorgia, pulled me in, I asked to\r\nLove her once again\r\nYou fell, I caught you\r\nI\'ll never let you go again like I did\r\nOh, I used to say\r\nI would never fall in love again until I found her\r\nI said, \"I would never fall unless it\'s you I fall into\"\r\nI was lost within the darkness, but then I found her\r\nI found you\r\nI would never fall in love again until I found her\r\nI said, \"I would never fall unless it\'s you I fall into\"\r\nI was lost within the darkness, but then I found her\r\nI found you', NULL, 'stephensanchez-untilifoundyou.mp4', ' <div className=\"flex flex-col py-4 px-4\">\r\n      <div className=\"text-white\">\r\n        <h1 className=\"font-bold text-3xl\">\r\n        Until I Found You Chords by Stephen Sanchez\r\n        </h1>\r\n        <h2 className=\"flex flex-col py-6\">\r\n          <p>\r\n            <span className=\"text-md\">Penulis Chord: Ilham</span>\r\n          </p>\r\n          <p>\r\n            <span className=\"text-md\">Kesulitan: Mudah</span>\r\n          </p>\r\n          <p>\r\n            <span className=\"text-md\">Penyetelan: E A D G B E</span>\r\n          </p>\r\n          <p>\r\n            <span className=\"text-md\">Capo: Fret 3</span>\r\n          </p>\r\n        </h2>\r\n        <br />\r\n        <hr className=\"border-gray-500\" />\r\n      </div>\r\n\r\n      <div className=\"flex flex-col py-8\">\r\n        <div className=\"text-whtie tracking-widest text-md py-1\">\r\n          <br /> [Verse 1]\r\n          <br />\r\n          <br /> G Bm C\r\n          <br /> Georgia, wrap me up in all your...\r\n          <br /> G Bm C\r\n          <br /> I want ya, in my arms\r\n          <br /> G\r\n          <br /> Oh, let me hold ya\r\n          <br /> Bm C G\r\n          <br /> I\'ll never let you go again,\r\n          <br />\r\n          <br /> like I did\r\n          <br /> D\r\n          <br /> Oh, I used to say\r\n          <br />\r\n          <br />\r\n          <br /> [Chorus]\r\n          <br />\r\n          <br /> C D\r\n          <br /> \"I would never fall in love again until\r\n          <br /> G Bm\r\n          <br /> I found her\"\r\n          <br /> C D\r\n          <br /> I said, \"I would never fall unless it\'s\r\n          <br /> G G7\r\n          <br /> you I fall into\"\r\n          <br /> C D\r\n          <br /> I was lost within the darkness, but\r\n          <br /> G Bm\r\n          <br /> then I found her\r\n          <br /> C Cm\r\n          <br /> I found you\r\n          <br />\r\n          <br />\r\n          <br /> [Verse 2]\r\n          <br />\r\n          <br /> G Bm C\r\n          <br /> Georgia, pulled me in, I asked to...\r\n          <br /> G Bm C\r\n          <br /> Love her, once again\r\n          <br /> G\r\n          <br /> You fell, I caught ya\r\n          <br /> Bm C G\r\n          <br /> I\'ll never let you go again,\r\n          <br />\r\n          <br /> like I did\r\n          <br /> D\r\n          <br /> Oh, I used to say\r\n          <br />\r\n          <br />\r\n          <br /> [Chorus]\r\n          <br />\r\n          <br /> C D\r\n          <br /> \"I would never fall in love again until\r\n          <br /> G Bm\r\n          <br /> I found her\"\r\n          <br /> C D\r\n          <br /> I said, \"I would never fall unless it\'s\r\n          <br /> G G7\r\n          <br /> you I fall into\"\r\n          <br /> C D\r\n          <br /> I was lost within the darkness, but\r\n          <br /> G Bm\r\n          <br /> then I found her\r\n          <br /> C Cm\r\n          <br /> I found you\r\n          <br />\r\n          <br />\r\n          <br /> [Instrumental]\r\n          <br />\r\n          <br /> G Bm C Cm\r\n          <br />\r\n          <br />\r\n          <br /> [Chorus]\r\n          <br />\r\n          <br /> C D\r\n          <br /> \"I would never fall in love again until\r\n          <br /> G Bm\r\n          <br /> I found her\"\r\n          <br /> C D\r\n          <br /> I said, \"I would never fall unless it\'s\r\n          <br /> G G7\r\n          <br /> you I fall into\"\r\n          <br /> C D\r\n          <br /> I was lost within the darkness, but\r\n          <br /> G Bm\r\n          <br /> then I found her\r\n          <br /> C Cm G\r\n          <br /> I found you\r\n        </div>\r\n      </div>\r\n<div className=\"flex flex-col py-4 px-4\">\r\n      <div className=\"text-white\">\r\n        <h1 className=\"font-bold text-3xl\">\r\n        Until I Found You Chords by Stephen Sanchez\r\n        </h1>\r\n        <h2 className=\"flex flex-col py-6\">\r\n          <p>\r\n            <span className=\"text-md\">Penulis Chord: Ilham</span>\r\n          </p>\r\n          <p>\r\n            <span className=\"text-md\">Kesulitan: Mudah</span>\r\n          </p>\r\n          <p>\r\n            <span className=\"text-md\">Penyetelan: E A D G B E</span>\r\n          </p>\r\n          <p>\r\n            <span className=\"text-md\">Capo: Fret 3</span>\r\n          </p>\r\n        </h2>\r\n        <br />\r\n        <hr className=\"border-gray-500\" />\r\n      </div>\r\n\r\n      <div className=\"flex flex-col py-8\">\r\n        <div className=\"text-whtie tracking-widest text-md py-1\">\r\n          <br /> [Verse 1]\r\n          <br />\r\n          <br /> G Bm C\r\n          <br /> Georgia, wrap me up in all your...\r\n          <br /> G Bm C\r\n          <br /> I want ya, in my arms\r\n          <br /> G\r\n          <br /> Oh, let me hold ya\r\n          <br /> Bm C G\r\n          <br /> I\'ll never let you go again,\r\n          <br />\r\n          <br /> like I did\r\n          <br /> D\r\n          <br /> Oh, I used to say\r\n          <br />\r\n          <br />\r\n          <br /> [Chorus]\r\n          <br />\r\n          <br /> C D\r\n          <br /> \"I would never fall in love again until\r\n          <br /> G Bm\r\n          <br /> I found her\"\r\n          <br /> C D\r\n          <br /> I said, \"I would never fall unless it\'s\r\n          <br /> G G7\r\n          <br /> you I fall into\"\r\n          <br /> C D\r\n          <br /> I was lost within the darkness, but\r\n          <br /> G Bm\r\n          <br /> then I found her\r\n          <br /> C Cm\r\n          <br /> I found you\r\n          <br />\r\n          <br />\r\n          <br /> [Verse 2]\r\n          <br />\r\n          <br /> G Bm C\r\n          <br /> Georgia, pulled me in, I asked to...\r\n          <br /> G Bm C\r\n          <br /> Love her, once again\r\n          <br /> G\r\n          <br /> You fell, I caught ya\r\n          <br /> Bm C G\r\n          <br /> I\'ll never let you go again,\r\n          <br />\r\n          <br /> like I did\r\n          <br /> D\r\n          <br /> Oh, I used to say\r\n          <br />\r\n          <br />\r\n          <br /> [Chorus]\r\n          <br />\r\n          <br /> C D\r\n          <br /> \"I would never fall in love again until\r\n          <br /> G Bm\r\n          <br /> I found her\"\r\n          <br /> C D\r\n          <br /> I said, \"I would never fall unless it\'s\r\n          <br /> G G7\r\n          <br /> you I fall into\"\r\n          <br /> C D\r\n          <br /> I was lost within the darkness, but\r\n          <br /> G Bm\r\n          <br /> then I found her\r\n          <br /> C Cm\r\n          <br /> I found you\r\n          <br />\r\n          <br />\r\n          <br /> [Instrumental]\r\n          <br />\r\n          <br /> G Bm C Cm\r\n          <br />\r\n          <br />\r\n          <br /> [Chorus]\r\n          <br />\r\n          <br /> C D\r\n          <br /> \"I would never fall in love again until\r\n          <br /> G Bm\r\n          <br /> I found her\"\r\n          <br /> C D\r\n          <br /> I said, \"I would never fall unless it\'s\r\n          <br /> G G7\r\n          <br /> you I fall into\"\r\n          <br /> C D\r\n          <br /> I was lost within the darkness, but\r\n          <br /> G Bm\r\n          <br /> then I found her\r\n          <br /> C Cm G\r\n          <br /> I found you\r\n        </div>\r\n      </div>\r\n    </div>', 'tutorgitaruntilifoundyou-stephensanchez.mp4', '2024-03-17 23:10:09');
INSERT INTO `song` VALUES (7, 'Baby i\'m yours', 'Arctic Monkeys', 'Baby Im yours.jpg', 'Pop Rock', 'Baby, I\'m yours (baby, I\'m yours)\r\nAnd I\'ll be yours (yours) until the stars fall from the sky\r\nYours (yours) until the rivers all run dry\r\nIn other words, until I die\r\nBaby, I\'m yours (baby, I\'m yours)\r\nAnd I\'ll be yours (yours) until the sun no longer shines\r\nYours (yours) until the poets run out of rhyme\r\nIn other words, until the end of time\r\nI\'m gonna stay right here by your side\r\nAnd do my best to keep you satisfied\r\nNothing in the world could drive me away\r\nEvery day, you\'ll hear me say\r\nBaby, I\'m yours (baby, I\'m yours)\r\nAnd I\'ll be yours (yours) until two and two is three\r\nYours (yours) until the mountain crumbles to the sea\r\nIn other words, until eternity\r\nBaby, I\'m yours (ooh)\r\n\'Til the stars fall from the sky\r\nBaby, I\'m yours\r\n\'Til the rivers all run dry\r\nBaby, I\'m yours\r\nUntil the sun no longer shines\r\nBaby, I\'m yours\r\nUntil the poets run out of rhyme\r\nBaby, I\'m yours', NULL, 'arcticmonkeys-babyimyours.mp4', '<div className=\"flex flex-col py-4 px-4\">\r\n      <div className=\"text-white\">\r\n        <h1 className=\"font-bold text-3xl\">\r\n          Baby Im Yours Chords by Arctic Monkeys\r\n        </h1>\r\n        <h2 className=\"flex flex-col py-6\">\r\n          <p>\r\n            <span className=\"text-md\">Penulis Chord: Ilham</span>\r\n          </p>\r\n          <p>\r\n            <span className=\"text-md\">Kesulitan: Menengah</span>\r\n          </p>\r\n          <p>\r\n            <span className=\"text-md\">Penyetelan: E A D G B E</span>\r\n          </p>\r\n          <p>\r\n            <span className=\"text-md\">Capo: No Capo</span>\r\n          </p>\r\n        </h2>\r\n        <br />\r\n        <hr className=\"border-gray-500\" />\r\n      </div>\r\n\r\n      <div className=\"flex flex-col py-8\">\r\n        <div className=\"text-whtie tracking-widest text-md py-1\">\r\n          <br /> Arctic Monkeys - Baby I\'m Yours\r\n          <br />\r\n          <br />\r\n          <br /> [Intro]\r\n          <br />\r\n          <br /> D Bm7 Em A x2\r\n          <br />\r\n          <br />\r\n          <br /> [Verse 1]\r\n          <br />\r\n          <br /> D B\r\n          <br /> Baby, I\'m yours,\r\n          <br /> Em A D B\r\n          <br /> And I\'ll be yours until the stars fall from the sky,\r\n          <br /> Em A G\r\n          <br /> Yours until the rivers all run dry,\r\n          <br /> F#m Em A\r\n          <br /> In other words, until I die.\r\n          <br />\r\n          <br />\r\n          <br /> [Verse 2]\r\n          <br />\r\n          <br /> D B\r\n          <br /> Baby, I\'m yours,\r\n          <br /> Em A D B\r\n          <br /> And I\'ll be yours until the sun no longer shines,\r\n          <br /> Em A G\r\n          <br /> Yours until the poets run out of rhyme,\r\n          <br /> F#m Em A\r\n          <br /> In other words, until the end of time.\r\n          <br />\r\n          <br />\r\n          <br /> [Bridge]\r\n          <br />\r\n          <br /> G F#/G Em G F#/G Em\r\n          <br /> I\'m gonna stay right here by your side,\r\n          <br /> F#m\r\n          <br /> Do my best to keep you satisfied,\r\n          <br /> G\r\n          <br /> Nothin\' in the world can drive me away,\r\n          <br /> A Asus A\r\n          <br /> Every day you\'ll hear me say...\r\n          <br />\r\n          <br />\r\n          <br /> [Verse 3]\r\n          <br />\r\n          <br /> D B\r\n          <br /> Baby, I\'m yours (baby, I\'m yours)\r\n          <br /> Em A D B\r\n          <br /> And I\'ll be yours (yours) until two and two is three,\r\n          <br /> Em A G\r\n          <br /> Yours (yours) until the mountains crumble to the sea\r\n          <br /> F#m Em A\r\n          <br /> In other words, until eternity\r\n          <br />\r\n          <br />\r\n          <br /> [Outro]\r\n          <br />\r\n          <br /> D Bm\r\n          <br /> Baby, I\'m yours\r\n          <br /> Em A\r\n          <br /> \'Til the stars fall from the sky\r\n          <br /> D Bm\r\n          <br /> Baby, I\'m yours\r\n          <br /> Em A\r\n          <br /> \'Til the rivers all run dry\r\n          <br /> D Bm\r\n          <br /> Baby, I\'m yours\r\n          <br /> Em A\r\n          <br /> \'Til the sun no longer shines\r\n          <br /> D Bm\r\n          <br /> Baby, I\'m yours\r\n          <br /> Em A\r\n          <br /> \'Til the poets run out of rhyme\r\n        </div>\r\n      </div>\r\n    </div>', 'tutorgitarbabyimyours-arcticmonkeys.mp4', '2024-03-17 23:12:01');
INSERT INTO `song` VALUES (10, 'About You', 'The 1975', 'The_1975 about.png', 'Alternatif/indie', 'I know a place\r\nIt\'s somewhere I go when I need to remember your face\r\nWe get married in our heads\r\nSomething to do while we try to recall how we met\r\nDo you think I have forgotten?\r\nDo you think I have forgotten?\r\nDo you think I have forgotten\r\nAbout you?\r\nYou and I (don\'t let go) were alive (don\'t let go)\r\nWith nothing to do, I could lay and just look in your eyes\r\nWait (don\'t let go) and pretend (don\'t let go)\r\nHold on and hope that we\'ll find our way back in the end\r\nDo you think I have forgotten?\r\nDo you think I have forgotten?\r\nDo you think I have forgotten\r\nAbout you?\r\nDo you think I have forgotten?\r\nDo you think I have forgotten?\r\nDo you think I have forgotten\r\nAbout you?\r\nThere was something \'bout you that now I can\'t remember\r\nIt\'s the same damn thing that made my heart surrender\r\nAnd I miss you on a train, I miss you in the morning\r\nI never know what to think about\r\nI think about you (so don\'t let go)\r\nAbout you (so don\'t let go)\r\nDo you think I have forgotten\r\nAbout you? (Don\'t let go)\r\nAbout you\r\nAbout you\r\nDo you think I have forgotten\r\nAbout you? (Don\'t let go)', NULL, 'the1975aboutyou.mp4', '<div className=\"flex flex-col py-4 px-4\">\r\n      <div className=\"text-white\">\r\n        <h1 className=\"font-bold text-3xl\">About You Chord By The 1975</h1>\r\n        <h2 className=\"flex flex-col py-6\">\r\n          <p>\r\n            <span className=\"text-md\">Penulis Chord: Ilham</span>\r\n          </p>\r\n          <p>\r\n            <span className=\"text-md\">Kesulitan: Mudah</span>\r\n          </p>\r\n          <p>\r\n            <span className=\"text-md\">Penyetelan: E A D G B E</span>\r\n          </p>\r\n          <p>\r\n            <span className=\"text-md\">Capo: No Capo</span>\r\n          </p>\r\n        </h2>\r\n        <hr className=\"border-gray-500\" />\r\n      </div>\r\n\r\n      <div className=\"flex flex-col py-8\">\r\n        <div className=\"text-whtie tracking-widest text-md py-1\">\r\n          <br /> [Intro]\r\n          <br />\r\n          <br /> D\r\n          <br /> D A Bm G\r\n          <br />\r\n          <br />\r\n          <br /> [Verse 1]\r\n          <br />\r\n          <br /> D A\r\n          <br /> I know a place\r\n          <br /> Bm G A\r\n          <br /> It\'s somewhere I go when I need to remember your face\r\n          <br /> D A\r\n          <br /> We get married in our heads\r\n          <br /> Bm G A\r\n          <br /> Something to do while we try to recall how we met\r\n          <br />\r\n          <br />\r\n          <br /> [Chorus]\r\n          <br />\r\n          <br /> D\r\n          <br /> Do you think I have forgotten?\r\n          <br /> A\r\n          <br /> Do you think I have forgotten?\r\n          <br /> Bm\r\n          <br /> Do you think I have forgotten\r\n          <br /> G A\r\n          <br /> About you?\r\n          <br />\r\n          <br />\r\n          <br /> [Verse 2]\r\n          <br />\r\n          <br /> D A\r\n          <br /> You and I were alive\r\n          <br /> Bm G A\r\n          <br /> With nothing to do I could lay and just look in your eyes\r\n          <br /> D A\r\n          <br /> Wait and pretend\r\n          <br /> Bm G A\r\n          <br /> Hold on and hope that we\'ll find our way back in the end\r\n          <br />\r\n          <br />\r\n          <br /> [Chorus]\r\n          <br />\r\n          <br /> D\r\n          <br /> Do you think I have forgotten?\r\n          <br /> A\r\n          <br /> Do you think I have forgotten?\r\n          <br /> Bm\r\n          <br /> Do you think I have forgotten\r\n          <br /> G A\r\n          <br /> About you?\r\n          <br /> D\r\n          <br /> Do you think I have forgotten?\r\n          <br /> A\r\n          <br /> Do you think I have forgotten?\r\n          <br /> Bm\r\n          <br /> Do you think I have forgotten\r\n          <br /> G A\r\n          <br /> About you?\r\n          <br />\r\n          <br />\r\n          <br /> [Bridge]\r\n          <br />\r\n          <br /> D\r\n          <br /> There was something about you that now I can\'t remember\r\n          <br /> A\r\n          <br /> It\'s the same damn thing that made my heart surrender\r\n          <br /> Bm\r\n          <br /> And I\'ll miss you on a train\r\n          <br /> Bm\r\n          <br /> I\'ll miss you in the morning\r\n          <br /> G A\r\n          <br /> I never know what to think about\r\n          <br /> D\r\n          <br /> I think about you\r\n          <br /> A\r\n          <br /> About you\r\n          <br />\r\n          <br />\r\n          <br /> [Outro]\r\n          <br />\r\n          <br /> Bm G\r\n          <br /> Do you think I have forgotten about you?\r\n          <br /> D\r\n          <br /> About you\r\n          <br /> A\r\n          <br /> About you\r\n          <br />\r\n          <br /> About you\r\n          <br /> Bm G A\r\n          <br /> Do you think I have forgotten about you?\r\n          <br />\r\n          <br /> About you\r\n          <br />\r\n          <br /> D A Bm G A\r\n          <br /> D A Bm G A\r\n          <br /> D A Bm G A\r\n          <br /> D\r\n        </div>\r\n      </div>\r\n    </div>', 'tutorgitaraboutyou-the1975.mp4', '2024-03-22 17:43:20');
INSERT INTO `song` VALUES (13, 'Cancer', 'My Chemical Romance', 'Album MCR.jpg', 'Emo/Post-Hardcore', 'Turn away\r\nIf you could get me a drink\r\nOf water \'cause my lips are chapped and faded\r\nCall my aunt Marie\r\nHelp her gather all my things\r\nAnd bury me\r\nIn all my favorite colors\r\nMy sisters and my brothers, still\r\nI will not kiss you\r\n\'Cause the hardest part of this\r\nIs leaving you\r\nNow turn away\r\n\'Cause I\'m awful just to see\r\n\'Cause all my hair\'s abandoned all my body\r\nAll my agony\r\nKnow that I will never marry\r\nBaby I\'m just soggy from the chemo\r\nBut counting down the days to go\r\nIt just ain\'t living\r\nAnd I just hope you know\r\nThat if you say (if you say)\r\nGood-bye today (good-bye today)\r\nI\'d ask you to be true (I\'d ask you to be true)\r\n\'Cause the hardest part of this\r\nIs leaving you\r\n\'Cause the hardest part of this\r\nIs leaving you', NULL, 'mychemicalromance-cancer.mp4', '<div className=\"flex flex-col py-4 px-4\">\r\n      <div className=\"text-white\">\r\n        <h1 className=\"font-bold text-3xl\">\r\n          Cancer Chords by My Chemical Romance\r\n        </h1>\r\n        <h2 className=\"flex flex-col py-6\">\r\n          <p>\r\n            <span className=\"text-md\">Penulis Chord: Ilham</span>\r\n          </p>\r\n          <p>\r\n            <span className=\"text-md\">Kesulitan: Sulit</span>\r\n          </p>\r\n          <p>\r\n            <span className=\"text-md\">Penyetelan: E A D G B E</span>\r\n          </p>\r\n          <p>\r\n            <span className=\"text-md\">Capo: No Capo</span>\r\n          </p>\r\n        </h2>\r\n        <br />\r\n        <hr className=\"border-gray-500\" />\r\n      </div>\r\n\r\n      <div className=\"flex flex-col py-8\">\r\n        <div className=\"text-whtie tracking-widest text-md py-1\">\r\n          <br /> [Intro]\r\n          <br /> E Emaj7 Esus2 E B\r\n          <br />\r\n          <br /> [Verse]\r\n          <br /> E B Bsus2 B C#m\r\n          <br /> Turn away, if you could get me a drink of water\r\n          <br /> (C# C B A#) Am\r\n          <br /> Cuz my lips are chapped and faded\r\n          <br /> E Esus2 E\r\n          <br /> Call my Aunt Marie\r\n          <br /> B Bsus2 B C#m\r\n          <br /> Help her gather all my things\r\n          <br /> (C# C B A#) Am\r\n          <br /> And bury me in all my favourite colours\r\n          <br />\r\n          <br /> [Pre-Chorus]\r\n          <br /> A F#/A#\r\n          <br /> My sisters and my brothers\r\n          <br /> B Cdim C#m Am\r\n          <br /> Still I will not kiss you\r\n          <br />\r\n          <br /> [Chorus]\r\n          <br /> F#m F#m6 F#m7 B Bsus4 E\r\n          <br /> Cuz the hardest part of this is leaving you\r\n          <br />\r\n          <br /> [Verse]\r\n          <br /> E B Bsus2 B C#m\r\n          <br /> Now turn away, cuz I\'m awful just to see\r\n          <br /> (C# C B A#) Am\r\n          <br /> Cuz all my hair\'s abandoned all my body\r\n          <br /> E B Bsus2 C#m\r\n          <br /> Oh my agony Know that I will never marry\r\n          <br /> (C# C B A#) Am\r\n          <br /> Baby I\'m just soggy from the chemo\r\n          <br />\r\n          <br /> [Pre-Chorus]\r\n          <br /> A F#/A# B\r\n          <br /> But counting down the days to go\r\n          <br /> Cdim C#m Am\r\n          <br /> It just ain\'t livin\', And I just hope you know\r\n          <br />\r\n          <br /> [Chorus]\r\n          <br /> E Eaug\r\n          <br /> That if you say goodbye today\r\n          <br /> C#m C# C#/B C#/A\r\n          <br /> I\'d ask you to be true\r\n          <br /> C#/G# F#m B C#m C#maj7/C E/B F#7/A#\r\n          <br /> Cuz the hardest part of this is leaving you\r\n          <br /> F#m B E\r\n          <br /> Cuz the hardest part of this is leaving you\r\n        </div>\r\n      </div>\r\n    </div>', 'tutorgitarcancer-mychemicalromance.mp4', '2024-03-22 19:38:38');
INSERT INTO `song` VALUES (14, 'Radio', 'Lana Del Rey', 'Album Lana Del Rey.png', 'Alternatif/Indie, Sadcore', 'Not even they can stop me now\r\nBoy, I\'ll be flying overhead\r\nTheir heavy words can\'t bring me down\r\nBoy, I\'ve been raised from the dead\r\nNo one even knows how hard life was\r\nI don\'t even think about it now because\r\nI finally found you\r\nOh, sing it to me\r\nNow my life is sweet like cinnamon\r\nLike a fucking dream I\'m living in\r\nBaby, love me \'cause I\'m playing on the radio\r\n(How do you like me now?)\r\nPick me up and take me like a vitamin\r\n\'Cause my body\'s sweet like sugar venom, oh yeah\r\nBaby, love me \'cause I\'m playing on the radio\r\n(How do you like me now?)\r\n\'Merican dreams came true somehow\r\nI swore I\'d chase until I was dead\r\nI heard the streets were paved with gold\r\nThat\'s what my father said\r\nNo one even knows what life was like\r\nNow I\'m in LA and it\'s paradise\r\nI finally found you\r\nOh, sing it to me\r\nNow my life is sweet like cinnamon\r\nLike a fucking dream I\'m living in\r\nBaby, love me \'cause I\'m playing on the radio\r\n(How do you like me now?)\r\nPick me up and take me like a vitamin\r\n\'Cause my body\'s sweet like sugar venom, oh yeah\r\nBaby, love me \'cause I\'m playing on the radio\r\n(How do you like me now?)\r\nSweet like cinnamon\r\nLike a fucking dream I\'m living in\r\nBaby, love me \'cause I\'m playing on the radio\r\n(How do you like me now?)\r\nSweet like cinnamon\r\nLike a fucking dream I\'m living in\r\nI\'ve finally found you\r\n(Oh, sing it to me)\r\nNow my life is sweet like cinnamon\r\nLike a fucking dream I\'m living in\r\nBaby, love me \'cause I\'m playing on the radio\r\n(How do you like me now?)\r\nPick me up and take me like a vitamin\r\n\'Cause my body\'s sweet like sugar venom, oh yeah\r\nBaby, love me \'cause I\'m playing on the radio\r\n(How do you like me now?)\r\nOh, sing it to me\r\nNow my life is sweet like cinnamon\r\nLike a fucking dream I\'m living in\r\nBaby, love me \'cause I\'m playing on the radio\r\n(How do you like me now?)\r\nPick me up and take me like a vitamin\r\n\'Cause my body\'s sweet like sugar venom, oh yeah\r\nBaby, love me \'cause I\'m playing on the radio\r\n(How do you like me now?)', NULL, 'lanadelrey-radio.mp4', '<div className=\"flex flex-col py-4 px-4\">\r\n      <div className=\"text-white\">\r\n        <h1 className=\"font-bold text-3xl\">Radio Chords by Lana Del Rey</h1>\r\n        <h2 className=\"flex flex-col py-6\">\r\n          <p>\r\n            <span className=\"text-md\">Penulis Chord: Ilham</span>\r\n          </p>\r\n          <p>\r\n            <span className=\"text-md\">Kesulitan: Mudah</span>\r\n          </p>\r\n          <p>\r\n            <span className=\"text-md\">Penyetelan: E A D G B E</span>\r\n          </p>\r\n          <p>\r\n            <span className=\"text-md\">Capo: No Capo</span>\r\n          </p>\r\n        </h2>\r\n        <br />\r\n        <hr className=\"border-gray-500\" />\r\n      </div>\r\n\r\n      <div className=\"flex flex-col py-8\">\r\n        <div className=\"text-whtie tracking-widest text-md py-1\">\r\n          <br /> [Verse]\r\n          <br />\r\n          <br /> D A\r\n          <br /> Not even they can stop me now\r\n          <br /> Em G D\r\n          <br /> Boy, I\'ll be flying overhead\r\n          <br /> A\r\n          <br /> Their heavy words can\'t bring me down\r\n          <br /> Em G\r\n          <br /> Boy I\'ve been raised from the dead\r\n          <br />\r\n          <br />\r\n          <br /> [Pre-Chorus]\r\n          <br />\r\n          <br /> Em F#m\r\n          <br /> No one even knows how hard life was\r\n          <br /> G\r\n          <br /> I don\'t even think about it now because\r\n          <br /> D A\r\n          <br /> I\'ve finally found you\r\n          <br />\r\n          <br /> Oh, sing it to me\r\n          <br />\r\n          <br />\r\n          <br /> [Chorus]\r\n          <br />\r\n          <br /> G D\r\n          <br /> Now my life is sweet like cinnamon\r\n          <br /> A\r\n          <br /> like a fucking dream I\'m living in\r\n          <br /> Em\r\n          <br /> Baby love me cause I\'m playing on the radio\r\n          <br /> (How do you like me now?)\r\n          <br />\r\n          <br /> G D\r\n          <br /> Pick me up and take me like a vitamin\r\n          <br /> A\r\n          <br /> \'Cause my body\'s sweet like sugar venom oh yeah\r\n          <br /> Em\r\n          <br /> Baby love me cause I\'m playing on the radio\r\n          <br /> (How do you like me now?)\r\n          <br />\r\n          <br />\r\n          <br /> [Verse]\r\n          <br />\r\n          <br /> D A\r\n          <br /> American dreams came true somehow\r\n          <br /> Em G D\r\n          <br /> I swore I\'d chase them til I was dead\r\n          <br /> F#m\r\n          <br /> I heard the streets were paved with gold\r\n          <br /> D Em\r\n          <br /> That\'s what my father said\r\n          <br />\r\n          <br />\r\n          <br /> [Pre-Chorus]\r\n          <br />\r\n          <br /> Em F#m\r\n          <br /> No one even knows what life was like\r\n          <br /> G\r\n          <br /> Now I\'m in LA and it\'s paradise\r\n          <br /> D A\r\n          <br /> I\'ve finally found you\r\n          <br />\r\n          <br /> Oh, sing it to me\r\n          <br />\r\n          <br />\r\n          <br /> [Chorus]\r\n          <br />\r\n          <br /> G D\r\n          <br /> Now my life is sweet like cinnamon\r\n          <br /> A\r\n          <br /> like a fucking dream I\'m living in\r\n          <br /> Em\r\n          <br /> Baby love me cause I\'m playing on the radio\r\n          <br /> (How do you like me now?)\r\n          <br />\r\n          <br /> G D\r\n          <br /> Pick me up and take me like a vitamin\r\n          <br /> A\r\n          <br /> \'Cause my body\'s sweet like sugar venom oh yeah\r\n          <br /> Em\r\n          <br /> Baby love me cause I\'m playing on the radio\r\n          <br /> (How do you like me now?)\r\n          <br />\r\n          <br /> D G\r\n          <br /> Now my life is sweet like cinnamon\r\n          <br /> Em\r\n          <br /> like a fucking dream I\'m living in\r\n          <br /> D G\r\n          <br /> Baby love me cause I\'m playing on the radio\r\n          <br /> (How do you like me now?)\r\n          <br />\r\n          <br /> D G\r\n          <br /> Now my life is sweet like cinnamon\r\n          <br /> Em\r\n          <br /> like a fucking dream I\'m living in\r\n          <br /> D A\r\n          <br /> I finally found you\r\n          <br /> Oh, sing it to me\r\n          <br />\r\n          <br /> G D\r\n          <br /> Now my life is sweet like cinnamon\r\n          <br /> A\r\n          <br /> like a fucking dream I\'m living in\r\n          <br /> Em\r\n          <br /> Baby love me cause I\'m playing on the radio\r\n          <br /> (How do you like me now?)\r\n          <br />\r\n          <br /> G D\r\n          <br /> Pick me up and take me like a vitamin\r\n          <br /> A\r\n          <br /> \'Cause my body\'s sweet like sugar venom oh yeah\r\n          <br /> Em\r\n          <br /> Baby love me cause I\'m playing on the radio\r\n          <br /> (How do you like me now?)\r\n          <br />\r\n          <br /> G D\r\n          <br /> Now my life is sweet like cinnamon\r\n          <br /> A\r\n          <br /> like a fucking dream I\'m living in\r\n          <br /> Em\r\n          <br /> Baby love me cause I\'m playing on the radio\r\n          <br /> (How do you like me now?)\r\n          <br />\r\n          <br /> G D\r\n          <br /> Pick me up and take me like a vitamin\r\n          <br /> A\r\n          <br /> \'Cause my body\'s sweet like sugar venom oh yeah\r\n          <br /> Em\r\n          <br /> Baby love me cause I\'m playing on the radio\r\n          <br /> (How do you like me now?)\r\n        </div>\r\n      </div>\r\n    </div>', 'tutorgitarradio-lanadelrey.mp4', '2024-03-22 19:46:54');
INSERT INTO `song` VALUES (15, 'Do I Wanna Know', 'Arctic Monkeys', 'album arctic monkeys.png', 'alternatif/indie', 'Have you got color in your cheeks?\r\nDo you ever get that fear that you can\'t shift the type\r\nThat sticks around like summat in your teeth?\r\nAre there some aces up your sleeve?\r\nHave you no idea that you\'re in deep?\r\n\r\nI\'ve dream about you nearly every night this week\r\nHow many secrets can you keep?\r\n\'Cause there\'s this tune I found\r\nThat makes me think of you somehow and I play it on repeat\r\nUntil I fall asleep, spillin\' drinks on my settee\r\n\r\n(Do I wanna know?) If this feelin\' flows both ways?\r\n(Sad to see you go) was sorta hopin\' that you\'d stay\r\n(Baby, we both know) that the nights were mainly made\r\nFor sayin\' things that you can\'t say tomorrow day\r\nCrawlin\' back to you\r\n\r\nEver thought of callin\' when\r\nYou\'ve had a few?\r\n\'Cause I always do\r\nMaybe I\'m too\r\nBusy bein\' yours\r\n\r\nTo fall for somebody new\r\nNow, I\'ve thought it through\r\nCrawlin\' back to you\r\nSo have you got the guts?\r\nBeen wonderin\' if your heart\'s still open\r\n\r\nAnd if so, I wanna know what time it shuts\r\nSimmer down an\' pucker up, I\'m sorry to interrupt\r\nIt\'s just I\'m constantly on the cusp of tryin\' to kiss you\r\nI don\'t know if you feel the same as I do\r\nBut we could be together if you wanted to\r\n\r\n(Do I wanna know?) If this feelin\' flows both ways?\r\n(Sad to see you go) was sorta hopin\' that you\'d stay\r\n(Baby, we both know) that the nights were mainly made\r\nFor sayin\' things that you can\'t say tomorrow day\r\nCrawlin\' back to you (crawlin\' back to you)\r\n\r\nEver thought of callin\' when you\'ve had a few? (You\'ve had a few)\r\n\'Cause I always do (\'cause I always do)\r\nMaybe I\'m too (maybe I\'m too busy)\r\nBusy bein\' yours to fall for somebody new\r\nNow, I\'ve thought it through\r\n\r\nCrawlin\' back to you\r\n(Do I wanna know?) If this feelin\' flows both ways?\r\n(Sad to see you go) was sorta hopin\' that you\'d stay\r\n(Baby, we both know) that the nights were mainly made\r\nFor sayin\' things that you can\'t say tomorrow day\r\n\r\n(Do I wanna know?) Too busy bein\' yours to fall\r\n(Sad to see you go) ever thought of callin\', darlin\'?\r\n(Do I wanna know?) Do you want me crawlin\' back to you?', NULL, 'arcticmonkeys-doiwannaknow.mp4', '<div className=\"flex flex-col py-4 px-4\">\r\n      <div className=\"text-white\">\r\n        <h1 className=\"font-bold text-3xl\">\r\n          Do I Wanna Know Acoustic Chords by Arctic Monkeys\r\n        </h1>\r\n        <h2 className=\"flex flex-col py-6\">\r\n          <p>\r\n            <span className=\"text-md\">Penulis Chord: Ilham</span>\r\n          </p>\r\n          <p>\r\n            <span className=\"text-md\">Kesulitan: Menengah</span>\r\n          </p>\r\n          <p>\r\n            <span className=\"text-md\">Penyetelan: E A D G B E</span>\r\n          </p>\r\n          <p>\r\n            <span className=\"text-md\">Capo: Fret 3</span>\r\n          </p>\r\n        </h2>\r\n        <br />\r\n        <hr className=\"border-gray-500\" />\r\n      </div>\r\n\r\n      <div className=\"flex flex-col py-8\">\r\n        <div className=\"text-whtie tracking-widest text-md py-1\">\r\n          <br /> [Verse 1]\r\n          <br />\r\n          <br /> Em C Am\r\n          <br /> Have you got colour in your cheeks?\r\n          <br /> Am Em\r\n          <br /> Do you ever get the fear that you can\'t shift the type\r\n          <br /> Em\r\n          <br /> that sticks around like summat in your teeth?\r\n          <br /> C Am\r\n          <br /> Are there some aces up your sleeve?\r\n          <br /> Em\r\n          <br /> Have you no idea that you\'re in deep?\r\n          <br /> Em\r\n          <br /> I dreamt about you nearly every night this week\r\n          <br /> C Am\r\n          <br /> How many secrets can you keep?\r\n          <br /> Em\r\n          <br /> Cause there\'s this tune I found that makes me think of you\r\n          somehow\r\n          <br /> Em\r\n          <br /> And I play it on repeat\r\n          <br /> C Am\r\n          <br /> Until I fall asleep\r\n          <br /> B\r\n          <br /> Spilling drinks on my settee\r\n          <br />\r\n          <br />\r\n          <br /> [Pre-Chorus]\r\n          <br />\r\n          <br /> C\r\n          <br /> Do I wanna know\r\n          <br /> Am\r\n          <br /> if this feeling flows both ways?\r\n          <br /> Em\r\n          <br /> Sad to see you go\r\n          <br /> Em\r\n          <br /> Was sorta hoping that you\'d stay\r\n          <br /> C\r\n          <br /> Baby we both know\r\n          <br /> Am\r\n          <br /> That the nights were mainly made\r\n          <br /> Em Em\r\n          <br /> for saying things that you can\'t say tomorrow day\r\n          <br />\r\n          <br />\r\n          <br /> [Chorus]\r\n          <br />\r\n          <br /> Em\r\n          <br /> Crawlin\' back to you\r\n          <br /> C Am\r\n          <br /> Ever thought of calling when you\'ve had a few\r\n          <br /> Em\r\n          <br /> Cos I always do\r\n          <br /> Em C Am\r\n          <br /> Maybe I\'m too busy being yours to fall for somebody new\r\n          <br /> Em\r\n          <br /> Now I\'ve thought it through\r\n          <br /> Em\r\n          <br /> Crawlin\' back to you\r\n          <br />\r\n          <br />\r\n          <br /> [Verse 2]\r\n          <br />\r\n          <br /> C Am\r\n          <br /> So have you got the guts?\r\n          <br /> Em\r\n          <br /> Been wondering if your hearts still open\r\n          <br /> Em\r\n          <br /> And if so I wanna know what time it shuts\r\n          <br /> C Am\r\n          <br /> Simmer down and pucker up\r\n          <br />\r\n          <br /> I\'m sorry to interrupt\r\n          <br /> Em\r\n          <br /> It\'s just I\'m constantly on the cusp\r\n          <br /> C Am\r\n          <br /> Of trying to kiss you\r\n          <br /> Em\r\n          <br /> I don\'t know if you feel the same as I do\r\n          <br /> C Am\r\n          <br /> But we could be together\r\n          <br /> B\r\n          <br /> if you wanted to\r\n          <br />\r\n          <br />\r\n          <br /> [Pre-Chorus]\r\n          <br />\r\n          <br /> C\r\n          <br /> Do I wanna know\r\n          <br /> Am\r\n          <br /> if this feeling flows both ways?\r\n          <br /> Em\r\n          <br /> Sad to see you go\r\n          <br /> Em\r\n          <br /> Was sorta hoping that you\'d stay\r\n          <br /> C\r\n          <br /> Baby we both know\r\n          <br /> Am\r\n          <br /> That the nights were mainly made\r\n          <br /> Em Em\r\n          <br /> for saying things that you can\'t say tomorrow day\r\n          <br />\r\n          <br />\r\n          <br /> [Chorus]\r\n          <br />\r\n          <br /> Em\r\n          <br /> Crawlin\' back to you\r\n          <br /> C Am\r\n          <br /> Ever thought of calling when you\'ve had a few\r\n          <br /> Em\r\n          <br /> Cos I always do\r\n          <br /> Em C Am\r\n          <br /> Maybe I\'m too busy being yours to fall for somebody new\r\n          <br /> Em\r\n          <br /> Now I\'ve thought it through\r\n          <br /> Em\r\n          <br /> Crawlin\' back to you\r\n          <br />\r\n          <br />\r\n          <br /> [Pre-Chorus]\r\n          <br />\r\n          <br /> C\r\n          <br /> Do I wanna know\r\n          <br /> Am\r\n          <br /> if this feeling flows both ways?\r\n          <br /> Em\r\n          <br /> Sad to see you go\r\n          <br /> Em\r\n          <br /> Was sorta hoping that you\'d stay\r\n          <br /> C\r\n          <br /> Baby we both know\r\n          <br /> Am\r\n          <br /> That the nights were mainly made\r\n          <br /> Em Em\r\n          <br /> for saying things that you can\'t say tomorrow day\r\n          <br />\r\n          <br /> C\r\n          <br /> Do I wanna know\r\n          <br /> Am\r\n          <br /> Too busy being yours to fall\r\n          <br /> Em\r\n          <br /> Sad to see you go\r\n          <br /> D\r\n          <br /> Ever thought of calling darling?\r\n          <br /> C\r\n          <br /> Do I wanna know\r\n          <br /> Am Em\r\n          <br /> Do you want me crawling back to you?\r\n        </div>\r\n      </div>\r\n    </div>', 'tutorgitardoiwannaknow-arcticmonkeys.mp4', '2024-03-22 19:48:21');
INSERT INTO `song` VALUES (16, 'Risalah Hati', 'Dewa 19', 'dewa risalah hati.jpg', 'Pop, Indonesian Jazz, Indonesian Rock', 'Hidupku tanpa cintamu\r\nBagai malam tanpa bintang\r\nCintaku tanpa sambutmu\r\nBagai panas tanpa hujan\r\nJiwaku berbisik lirih\r\nKu harus milikimu\r\nAku bisa membuatmu jatuh cinta kepadaku\r\nMeski kau tak cinta kepadaku\r\nBeri sedikit waktu\r\nBiar cinta datang karena telah terbiasa\r\nSimpan mawar yang kuberi\r\nMungkin wanginya mengilhami\r\nSudikah dirimu untuk\r\nKenali aku dulu\r\nSebelum kau ludahi aku\r\nSebelum kau robek hatiku\r\nAku bisa membuatmu jatuh cinta kepadaku\r\nBeri sedikit waktu\r\nBiar cinta datang karena telah terbiasa\r\nAku bisa membuatmu jatuh cinta kepadaku\r\nMeski kau tak cinta kepadaku\r\nBeri sedikit waktu\r\nBiar cinta datang karena telah terbiasa\r\nAku bisa membuatmu jatuh cinta kepadaku\r\nMeski kau tak cinta kau tak cinta\r\nAku bisa membuatmu jatuh cinta kepadaku\r\nMeski kau tak cinta kepadaku\r\nAku bisa membuatmu jatuh cinta kepadaku\r\nMeski kau tak cinta kepadaku\r\nBeri sedikit waktu\r\nBiar cinta datang karena telah terbiasa\r\nHidupku tanpa cintamu\r\nBagai malam tanpa bintang\r\nCintaku tanpa sambutmu\r\nBagai panas tanpa hujan', NULL, 'dewa-risalahhati.mp4', '<div className=\"flex flex-col py-4 px-4\">\r\n      <div className=\"text-white\">\r\n        <h1 className=\"font-bold text-3xl\">\r\n          Kunci Gitar Dewa 19 Risalah Hati chord\r\n        </h1>\r\n        <h2 className=\"flex flex-col py-6\">\r\n          <p>\r\n            <span className=\"text-md\">Penulis Chord: Ilham</span>\r\n          </p>\r\n          <p>\r\n            <span className=\"text-md\">Kesulitan: Menengah</span>\r\n          </p>\r\n          <p>\r\n            <span className=\"text-md\">Penyetelan: E A D G B E</span>\r\n          </p>\r\n          <p>\r\n            <span className=\"text-md\">Capo: No Capo</span>\r\n          </p>\r\n        </h2>\r\n        <br />\r\n        <hr className=\"border-gray-500\" />\r\n      </div>\r\n\r\n      <div className=\"flex flex-col py-8\">\r\n        <div className=\"text-whtie tracking-widest text-md py-1\">\r\n          <br /> [Intro]\r\n          <br />\r\n          <br /> Am Em F G x2\r\n          <br />\r\n          <br />\r\n          <br /> [Verse]\r\n          <br />\r\n          <br /> Am Em F G\r\n          <br /> Hidupku tanpa cintamu\r\n          <br /> Am Em F G\r\n          <br /> Bagai malam tanpa bintang\r\n          <br /> Am Em F G\r\n          <br /> Cintaku tanpa sambutmu\r\n          <br /> Am Em F G\r\n          <br /> Bagai panas tanpa hujan\r\n          <br /> F Em Dm\r\n          <br /> Jiwaku berbisik lirih\r\n          <br /> F Em Dm G\r\n          <br /> ku harus milikimu\r\n          <br />\r\n          <br />\r\n          <br /> [Chorus]\r\n          <br />\r\n          <br /> F Em A\r\n          <br /> Aku bisa membuatmu jatuh cinta kepadaku\r\n          <br /> Dm Em F G\r\n          <br /> Meski kau tak cinta...kepadaku\r\n          <br /> F Em A\r\n          <br /> Beri sedikit waktu biar cinta datang\r\n          <br /> Dm Em F G\r\n          <br /> Karena telah terbiasa\r\n          <br />\r\n          <br />\r\n          <br /> [Verse]\r\n          <br />\r\n          <br /> Am Em F G\r\n          <br /> Simpan mawar yang ku beri\r\n          <br /> Am Em F G\r\n          <br /> Mungkin wanginya mengilhami\r\n          <br /> F Em Dm\r\n          <br /> Sudikah dirimu untuk\r\n          <br /> F Em Dm\r\n          <br /> Kenali aku dulu\r\n          <br /> F Em Dm\r\n          <br /> Sebelum kau ludahi aku\r\n          <br /> F Em Dm G\r\n          <br /> Sebelum kau robek hatiku\r\n          <br />\r\n          <br /> Kembali ke: Reff\r\n          <br />\r\n          <br />\r\n          <br /> [Instrumental]\r\n          <br />\r\n          <br /> Gm F Eb D Cm Bb x2\r\n          <br /> Am G F E Am\r\n          <br />\r\n          <br />\r\n          <br /> [Chorus]\r\n          <br />\r\n          <br /> F Em A\r\n          <br /> Aku bisa membuatmu jatuh cinta kepadaku\r\n          <br /> Dm Em Ab Bb\r\n          <br /> Meski kau tak cinta...kau tak cinta\r\n          <br /> Ab Gm C\r\n          <br /> Aku bisa membuatmu jatuh cinta kepadaku\r\n          <br /> Fm Gm Ab Bb\r\n          <br /> Meski kau tak cinta...kepadaku\r\n          <br />\r\n          <br />\r\n          <br /> [Instrumental]\r\n          <br />\r\n          <br /> F Am\r\n          <br />\r\n          <br />\r\n          <br /> [Outro]\r\n          <br />\r\n          <br /> F\r\n          <br /> Hidupku tanpa cintamu\r\n          <br /> Am\r\n          <br /> Bagai malam tanpa bintang\r\n          <br /> F\r\n          <br /> Cinta tanpa sambutmu\r\n          <br /> Am\r\n          <br /> Bagai panas tanpa hujan\r\n        </div>\r\n      </div>\r\n    </div>', 'tutorgitarrisalahhati-dewa19.mp4', '2024-03-22 19:50:36');
INSERT INTO `song` VALUES (17, 'Closure', 'Pamungkas', 'closure bp.jpg', 'alternatif/indie', 'I feel small again\r\nSame old story\r\nDon\'t you call again\r\nI\'m not sorry\r\nI am better off without you\r\nI am better off without you\r\nI give up trying\r\nAt least for today\r\nLying is lying\r\nIt\'s never okay\r\nBend it all you want\r\nHide it all you can\r\nI give up trying\r\nI give up trying\r\nI am better off without you\r\nI am better off without you\r\nSo much better off without you\r\n(It\'s so different when I\'m with you)\r\nI\'ll take time again\r\nWar on worry\r\nDon\'t you call again\r\nI\'m not sorry\r\nI am better off without you\r\nI am better off alone\r\nI give up trying\r\nAt least for today\r\nLying is lying\r\nIt\'s never okay\r\nBend it all you want\r\nHide it all you can\r\nI give up trying\r\nAnd though I\'ll be sad\r\nLying\'s still lying\r\nI\'ll settle with that\r\nBend it all you want\r\nHide it all you can\r\nI give up trying (I give up trying)\r\nI give up trying (I give up)\r\nI give up trying (for you, oh, yeah, yeah)\r\nI give up trying (I give up trying, oh, I give up trying)\r\nI give up trying\r\nAt least for today\r\nLying\'s still lying\r\nIt\'s never okay\r\nBend it all you want\r\nAnd hide it all you can\r\nI promise you I will learn from my mistakes\r\nBut I\'m better off without you\r\nI am better off without you\r\nSo much better off without you\r\nOnly give up when it stops giving\r\nLove\'s still here and it\'s burning\r\nOnto you, but not working\r\nNever settle for anything less\r\nOnly shoot just for the best\r\nOther than that I\'m alright\r\nI\'m ending it, love\r\nWell, I\'m closing it, love\r\nYeah, it\'s over, it\'s over, it\'s over, it\'s over, yes\r\nI give up trying\r\nAt least for today\r\nI give up trying\r\nFor you\r\nI give up trying\r\nAt least for today\r\nLying\'s still lying\r\nIt\'s never okay\r\nI give up trying\r\nFor you', NULL, 'pamungkas-closure.mp4', '<div className=\"flex flex-col py-4 px-4\">\r\n      <div className=\"text-white\">\r\n        <h1 className=\"font-bold text-3xl\">\r\n          Kunci Gitar Pamungkas Closure chord\r\n        </h1>\r\n        <h2 className=\"flex flex-col py-6\">\r\n          <p>\r\n            <span className=\"text-md\">Penulis Chord: Ilham</span>\r\n          </p>\r\n          <p>\r\n            <span className=\"text-md\">Kesulitan: Menengah</span>\r\n          </p>\r\n          <p>\r\n            <span className=\"text-md\">Penyetelan: E A D G B E</span>\r\n          </p>\r\n          <p>\r\n            <span className=\"text-md\">Capo: No Capo</span>\r\n          </p>\r\n        </h2>\r\n        <br />\r\n        <hr className=\"border-gray-500\" />\r\n      </div>\r\n\r\n      <div className=\"flex flex-col py-8\">\r\n        <div className=\"text-whtie tracking-widest text-md py-1\">\r\n          <br /> [Verse 1]\r\n          <br /> F\r\n          <br /> Feel small again\r\n          <br /> Am\r\n          <br /> Same old story\r\n          <br /> Bb\r\n          <br /> Dont you call again\r\n          <br /> G\r\n          <br /> Im not sorry\r\n          <br /> Dm7\r\n          <br /> I am better off without you\r\n          <br /> D#6add9\r\n          <br /> Iam better off withoutyou\r\n          <br />\r\n          <br />\r\n          <br /> [Chorus]\r\n          <br /> F\r\n          <br /> I give up trying\r\n          <br /> Bb\r\n          <br /> At least fortoday\r\n          <br /> Am\r\n          <br /> Lying is lying\r\n          <br /> Gm7\r\n          <br /> Its never okay\r\n          <br /> F\r\n          <br /> Bend it all you want\r\n          <br /> Gm\r\n          <br /> Hide it all you can\r\n          <br /> Bb\r\n          <br /> I give uptrying\r\n          <br /> C\r\n          <br /> I give uptrying\r\n          <br /> Bb Am\r\n          <br /> I am better off without you\r\n          <br /> Gm7 F\r\n          <br /> I am better off without you\r\n          <br /> Ab\r\n          <br /> Im so angry towards you\r\n          <br />\r\n          <br />\r\n          <br /> [Verse 2]\r\n          <br /> F\r\n          <br /> Ill take time again\r\n          <br /> Am\r\n          <br /> War on worry\r\n          <br /> Bb\r\n          <br /> Dont you call again\r\n          <br /> G\r\n          <br /> Im not sorry\r\n          <br /> Dm\r\n          <br /> I am better off without you\r\n          <br /> D#6add9 F\r\n          <br /> I am better off alone\r\n          <br />\r\n          <br />\r\n          <br /> [Chorus]\r\n          <br /> F\r\n          <br /> I give up trying\r\n          <br /> Bb\r\n          <br /> At least fortoday\r\n          <br /> Am\r\n          <br /> Lying is lying\r\n          <br /> Gm7\r\n          <br /> Its never okay\r\n          <br /> F\r\n          <br /> Bend it all you want\r\n          <br /> Gm\r\n          <br /> Hide it all you can\r\n          <br /> F\r\n          <br /> I give uptrying\r\n          <br /> Bb\r\n          <br /> And though Ill be sad\r\n          <br /> Am\r\n          <br /> Lying still lying\r\n          <br /> Gm7\r\n          <br /> And Ill settle with that\r\n          <br /> F\r\n          <br /> Bend it all you want\r\n          <br /> Gm\r\n          <br /> Hide it all you can\r\n          <br /> Bb\r\n          <br /> I give up trying\r\n          <br /> C\r\n          <br /> I give up trying\r\n          <br />\r\n          <br />\r\n          <br /> [Bridge]\r\n          <br /> F Bb\r\n          <br /> I give up trying for you\r\n          <br /> F Bb\r\n          <br /> I give up trying\r\n          <br />\r\n          <br />\r\n          <br /> [Instrumental]\r\n          <br /> F Gm7 F Gm\r\n          <br />\r\n          <br /> [Chorus]\r\n          <br /> F\r\n          <br /> I give up trying\r\n          <br /> Bb\r\n          <br /> At least for today\r\n          <br /> Am\r\n          <br /> Lying still lying\r\n          <br /> Gm7\r\n          <br /> Ill make it okay\r\n          <br /> F\r\n          <br /> Bend it all you want\r\n          <br /> Gm\r\n          <br /> And hide it all you can\r\n          <br /> Bb\r\n          <br /> But I give up fighting for you\r\n          <br /> C\r\n          <br /> Im trying\r\n          <br />\r\n          <br />\r\n          <br /> [Outro]\r\n          <br /> Bb Am\r\n          <br /> Im better off without you\r\n          <br /> Gm F\r\n          <br /> I am better off without you\r\n          <br /> Ab\r\n          <br /> Im so angry towards you\r\n        </div>\r\n      </div>\r\n    </div>', 'tutorgitarclosure-pamungkas.mp4', '2024-03-22 19:53:46');
INSERT INTO `song` VALUES (18, 'August', 'Taylor Swift', 'taylor swift august.jpg', 'Alternatif/Indie, Dream pop, Guitar Pop', 'Salt air, and the rust on your door\r\nI never needed anything more\r\nWhispers of \"Are you sure?\"\r\n\"Never have I ever before\"\r\nBut I can see us lost in the memory\r\nAugust slipped away into a moment in time\r\n\'Cause it was never mine\r\nAnd I can see us twisted in bedsheets\r\nAugust sipped away like a bottle of wine\r\n\'Cause you were never mine\r\nYour back beneath the sun\r\nWishin\' I could write my name on it\r\nWill you call when you\'re back at school?\r\nI remember thinkin\' I had you\r\nBut I can see us lost in the memory\r\nAugust slipped away into a moment in time\r\n\'Cause it was never mine\r\nAnd I can see us twisted in bedsheets\r\nAugust sipped away like a bottle of wine\r\n\'Cause you were never mine\r\nBack when we were still changin\' for the better\r\nWanting was enough\r\nFor me, it was enough\r\nTo live for the hope of it all\r\nCancel plans just in case you\'d call\r\nAnd say, \"Meet me behind the mall\"\r\nSo much for summer love and saying \"us\"\r\n\'Cause you weren\'t mine to lose\r\nYou weren\'t mine to lose, no\r\nBut I can see us lost in the memory\r\nAugust slipped away into a moment in time\r\n\'Cause it was never mine\r\nAnd I can see us twisted in bedsheets\r\nAugust sipped away like a bottle of wine\r\n\'Cause you were never mine\r\n\'Cause you were never mine, never mine\r\nBut do you remember?\r\nRemember when I pulled up and said, \"Get in the car\"\r\nAnd then canceled my plans just in case you\'d call?\r\nBack when I was livin\' for the hope of it all, for the hope of it all\r\n\"Meet me behind the mall\"\r\nRemember when I pulled up and said, \"Get in the car\"\r\nAnd then canceled my plans just in case you\'d call?\r\nBack when I was livin\' for the hope of it all (for the hope of it all)\r\nFor the hope of it all\r\nFor the hope of it all\r\n(For the hope of it all)\r\n(For the hope of it all)', NULL, 'taylorswift-august.mp4', '<div className=\"flex flex-col py-4 px-4\">\r\n      <div className=\"text-white\">\r\n        <h1 className=\"font-bold text-3xl\">August Chords by Taylor Swift</h1>\r\n        <h2 className=\"flex flex-col py-6\">\r\n          <p>\r\n            <span className=\"text-md\">Penulis Chord: Ilham</span>\r\n          </p>\r\n          <p>\r\n            <span className=\"text-md\">Kesulitan: Mudah</span>\r\n          </p>\r\n          <p>\r\n            <span className=\"text-md\">Penyetelan: E A D G B E</span>\r\n          </p>\r\n          <p>\r\n            <span className=\"text-md\">Capo: Fret 3</span>\r\n          </p>\r\n        </h2>\r\n        <br />\r\n        <hr className=\"border-gray-500\" />\r\n      </div>\r\n\r\n      <div className=\"flex flex-col py-8\">\r\n        <div className=\"text-whtie tracking-widest text-md py-1\">\r\n          <br /> [Verse 1]\r\n          <br /> D G Em\r\n          <br /> Salt air, and the rust on your door\r\n          <br /> A\r\n          <br /> I never needed anything more\r\n          <br /> D G Em\r\n          <br /> Whispers of \"Are you sure?\"\r\n          <br /> A\r\n          <br /> Never have I ever before\r\n          <br />\r\n          <br />\r\n          <br /> [Chorus]\r\n          <br /> D\r\n          <br /> But I can see us lost in the memory\r\n          <br /> G Em\r\n          <br /> August slipped away into a moment in time\r\n          <br /> A\r\n          <br /> \'Cause it was never mine\r\n          <br /> D\r\n          <br /> And I can see us twistin\' in bedsheets\r\n          <br /> G Em\r\n          <br /> August sipped away like a bottle of wine\r\n          <br /> A\r\n          <br /> \'Cause you were never mine\r\n          <br />\r\n          <br />\r\n          <br /> [Verse 2]\r\n          <br /> D G Em\r\n          <br /> Your back beneath the sun\r\n          <br /> A\r\n          <br /> Wishin\' I could write my name on it\r\n          <br /> D G Em\r\n          <br /> Will you call when you\'re back at school?\r\n          <br /> A\r\n          <br /> I remember thinkin\' I had you\r\n          <br />\r\n          <br />\r\n          <br /> [Chorus]\r\n          <br /> D\r\n          <br /> But I can see us lost in the memory\r\n          <br /> G Em\r\n          <br /> August slipped away into a moment in time\r\n          <br /> A\r\n          <br /> \'Cause it was never mine\r\n          <br /> D\r\n          <br /> And I can see us twistin\' in bedsheets\r\n          <br /> G Em\r\n          <br /> August sipped away like a bottle of wine\r\n          <br /> A\r\n          <br /> \'Cause you were never mine\r\n          <br />\r\n          <br />\r\n          <br /> [Interlude]\r\n          <br /> D G Em A\r\n          <br />\r\n          <br />\r\n          <br /> [Bridge]\r\n          <br /> D G\r\n          <br /> Back when we were still changin\' for the better\r\n          <br /> Em\r\n          <br /> Wanting was enough\r\n          <br /> A\r\n          <br /> For me, it was enough\r\n          <br /> D\r\n          <br /> To live for the hope of it all\r\n          <br /> G\r\n          <br /> Canceled plans just in case you\'d call\r\n          <br /> Em\r\n          <br /> And say \"Meet me behind the mall\"\r\n          <br /> A\r\n          <br /> So much for summer love and saying \"Us\"\r\n          <br /> D G\r\n          <br /> \'Cause you weren\'t mine to lose\r\n          <br /> Em A\r\n          <br /> You weren\'t mine to lose, oh\r\n          <br />\r\n          <br />\r\n          <br /> [Chorus]\r\n          <br /> D\r\n          <br /> But I can see us lost in the memory\r\n          <br /> G Em\r\n          <br /> August slipped away into a moment in time\r\n          <br /> A\r\n          <br /> \'Cause it was never mine\r\n          <br /> D\r\n          <br /> And I can see us twistin\' in bedsheets\r\n          <br /> G Em\r\n          <br /> August sipped away like a bottle of wine\r\n          <br /> A\r\n          <br /> \'Cause you were never mine\r\n          <br />\r\n          <br />\r\n          <br /> [Outro]\r\n          <br /> D G\r\n          <br /> \'Cause you were never mine\r\n          <br /> Em\r\n          <br /> Never mine\r\n          <br /> A\r\n          <br /> But do you remember\r\n          <br /> D\r\n          <br /> Remember when I pulled up and said \"Get in the car\"\r\n          <br /> G\r\n          <br /> And then canceled my plans just in case you\'d call\r\n          <br /> Em A\r\n          <br /> Back when I was livin\' for the hope of it all, for the hope of\r\n          it all\r\n          <br /> D\r\n          <br /> \"Meet me behind the mall\"\r\n          <br /> D\r\n          <br /> Remember when I pulled up and said \"Get in the car\"\r\n          <br /> G\r\n          <br /> And then canceled my plans just in case you\'d call\r\n          <br /> Em A\r\n          <br /> Back when I was livin\' for the hope of it all, for the hope of\r\n          it all\r\n          <br /> D\r\n          <br /> \"Meet me behind the mall\"\r\n          <br /> D\r\n          <br /> Remember when I pulled up and said \"Get in the car\"\r\n          <br /> G\r\n          <br /> And then canceled my plans just in case you\'d call\r\n          <br /> Em A\r\n          <br /> Back when I was livin\' for the hope of it all (For the hope of\r\n          it all)\r\n          <br /> D G\r\n          <br /> For the hope of it all, for the hope of it all\r\n          <br /> Em A\r\n          <br /> (For the hope of it all, for the hope of it all)\r\n          <br />\r\n          <br />\r\n          <br /> [Outro fades out]\r\n          <br /> D G Em A\r\n        </div>\r\n      </div>\r\n    </div>', 'tutorgitaraugust-taylorswift.mp4', '2024-03-22 19:58:16');
INSERT INTO `song` VALUES (19, 'As It Was', 'Harry Styles', 'album harry styles.jpg', 'Synthpop, New wave, Pop', 'Holdin\' me back\r\nGravity\'s holdin\' me back\r\nI want you to hold out the palm of your hand\r\nWhy don\'t we leave it at that?\r\nNothin\' to say\r\nWhen everything gets in the way\r\nSeems you cannot be replaced\r\nAnd I\'m the one who will stay, oh\r\nIn this world, it\'s just us\r\nYou know it\'s not the same as it was\r\nIn this world, it\'s just us\r\nYou know it\'s not the same as it was\r\nAs it was, as it was\r\nYou know it\'s not the same\r\nAnswer the phone\r\n\"Harry, you\'re no good alone\r\nWhy are you sittin\' at home on the floor?\r\nWhat kind of pills are you on?\"\r\nRingin\' the bell\r\nAnd nobody\'s comin\' to help\r\nYour daddy lives by himself\r\nHe just wants to know that you\'re well, oh\r\nIn this world, it\'s just us\r\nYou know it\'s not the same as it was\r\nIn this world, it\'s just us\r\nYou know it\'s not the same as it was\r\nAs it was, as it was\r\nYou know it\'s not the same\r\nGo home, get ahead, light-speed internet\r\nI don\'t wanna talk about the way that it was\r\nLeave America, two kids follow her\r\nI don\'t wanna talk about who\'s doin\' it first\r\nAs it was\r\nYou know it\'s not the same as it was\r\nAs it was, as it was', '', 'harrystyles-asitwas.mp4', '<div className=\"flex flex-col py-4 px-4\">\r\n      <div className=\"text-white\">\r\n        <h1 className=\"font-bold text-3xl\">As It Was Chords by Harry Styles</h1>\r\n        <h2 className=\"flex flex-col py-6\">\r\n          <p>\r\n            <span className=\"text-md\">Penulis Chord: Ilham</span>\r\n          </p>\r\n          <p>\r\n            <span className=\"text-md\">Kesulitan: Mudah</span>\r\n          </p>\r\n          <p>\r\n            <span className=\"text-md\">Penyetelan: E A D G B E</span>\r\n          </p>\r\n          <p>\r\n            <span className=\"text-md\">Capo: Fret 2</span>\r\n          </p>\r\n        </h2>\r\n        <br />\r\n        <hr className=\"border-gray-500\" />\r\n      </div>\r\n\r\n      <div className=\"flex flex-col py-8\">\r\n        <div className=\"text-whtie tracking-widest text-md py-1\">\r\n          <br /> For chords with no capo transpose +2 and play D Bm E A.\r\n          <br />\r\n          <br />\r\n          <br /> [Intro]\r\n          <br /> N.C. Am D G\r\n          <br /> Come on Harry, we wanna say \"Goodnight\" to you\r\n          <br />\r\n          <br />\r\n          <br /> [Verse 1]\r\n          <br /> C\r\n          <br /> Holdin\' me back\r\n          <br /> Am\r\n          <br /> Gravity\'s holdin\' me back\r\n          <br /> D\r\n          <br /> I want you to hold out the palm of your hand\r\n          <br /> G\r\n          <br /> Why don\'t we leave it at that?\r\n          <br /> C\r\n          <br /> Nothin\' to say\r\n          <br /> Am\r\n          <br /> And everything gets in the way\r\n          <br /> D\r\n          <br /> Seems you cannot be replaced\r\n          <br /> G\r\n          <br /> And I\'m the one who will stay, oh-oh-oh\r\n          <br />\r\n          <br />\r\n          <br /> [Chorus]\r\n          <br /> C Am D\r\n          <br /> In this world, it\'s just us\r\n          <br /> G C\r\n          <br /> You know it\'s not the same as it was\r\n          <br /> Am D\r\n          <br /> In this world, it\'s just us\r\n          <br /> G C\r\n          <br /> You know it\'s not the same as it was\r\n          <br /> Am D\r\n          <br /> As it was, as it was\r\n          <br /> G\r\n          <br /> You know it\'s not the same\r\n          <br />\r\n          <br />\r\n          <br /> [Verse 2]\r\n          <br /> C\r\n          <br /> Answer the phone,\r\n          <br /> Am\r\n          <br /> \"Harry, you\'re no good alone\r\n          <br /> D\r\n          <br /> Why are you sitting at home on the floor?\r\n          <br /> G\r\n          <br /> What kinda pills are you on?\"\r\n          <br /> C\r\n          <br /> Ringin\' the bell\r\n          <br /> Am\r\n          <br /> And nobody\'s coming to help\r\n          <br /> D\r\n          <br /> Your daddy lives by himself\r\n          <br /> G\r\n          <br /> He just wants to know that you\'re well, oh-oh-oh\r\n          <br />\r\n          <br />\r\n          <br /> [Chorus]\r\n          <br /> C Am D\r\n          <br /> In this world, it\'s just us\r\n          <br /> G C\r\n          <br /> You know it\'s not the same as it was\r\n          <br /> Am D\r\n          <br /> In this world, it\'s just us\r\n          <br /> G C\r\n          <br /> You know it\'s not the same as it was\r\n          <br /> Am D\r\n          <br /> As it was, as it was\r\n          <br /> G\r\n          <br /> You know it\'s not the same\r\n          <br />\r\n          <br />\r\n          <br /> [Bridge]\r\n          <br /> C\r\n          <br /> Go home, get ahead, light-speed internet\r\n          <br /> Am\r\n          <br /> I don\'t wanna talk about the way that it was\r\n          <br /> D\r\n          <br /> Leave America, two kids, follow her\r\n          <br /> G\r\n          <br /> I don\'t wanna talk about who\'s doin\' it first\r\n          <br />\r\n          <br />\r\n          <br /> [Outro]\r\n          <br /> Am D\r\n          <br /> (Hey!)\r\n          <br /> G\r\n          <br /> As it was\r\n          <br /> C Am\r\n          <br /> You know it\'s not the same as it was\r\n          <br /> D G\r\n          <br /> As it was, as it was\r\n        </div>\r\n      </div>\r\n    </div>', 'tutorgitarasitwas-harrystyles.mp4', '2024-03-23 01:12:02');
INSERT INTO `song` VALUES (20, 'Please, Let Me Get What I Want', 'The Smiths', 'the smiths.jpg', 'Alternatif/Indie, Rock, Folk', 'Good times for a change\r\nSee, the luck I\'ve had\r\nCan make a good man\r\nTurn bad\r\nSo please, please, please\r\nLet me, let me, let me\r\nLet me get what I want\r\nThis time\r\nHaven\'t had a dream in a long time\r\nSee, the life I\'ve had\r\nCan make a good man bad\r\nSo for once in my life\r\nLet me get what I want\r\nLord knows, it would be the first time\r\nLord knows, it would be the first time', NULL, 'thesmith-pleasepleasepleaseletmegetwhatiwant.mp4', '<div className=\"flex flex-col py-4 px-4\">\r\n      <div className=\"text-white\">\r\n        <h1 className=\"font-bold text-3xl\">\r\n          Please Please Please Let Me Get What I Want Chords by The Smiths\r\n        </h1>\r\n        <h2 className=\"flex flex-col py-6\">\r\n          <p>\r\n            <span className=\"text-md\">Penulis Chord: Ilham</span>\r\n          </p>\r\n          <p>\r\n            <span className=\"text-md\">Kesulitan: Menengah</span>\r\n          </p>\r\n          <p>\r\n            <span className=\"text-md\">Penyetelan: E A D G B E</span>\r\n          </p>\r\n          <p>\r\n            <span className=\"text-md\">Capo: Fret 2</span>\r\n          </p>\r\n        </h2>\r\n        <br />\r\n        <hr className=\"border-gray-500\" />\r\n      </div>\r\n\r\n      <div className=\"flex flex-col py-8\">\r\n        <div className=\"text-whtie tracking-widest text-md py-1\">\r\n          <br /> [Verse]\r\n          <br /> Cmaj7 G C G\r\n          <br /> Good times for a change\r\n          <br /> Em\r\n          <br /> See, the luck I\'ve had\r\n          <br /> Fmaj7\r\n          <br /> Can make a good man\r\n          <br /> G Gsus4 G\r\n          <br /> Turn bad\r\n          <br />\r\n          <br /> [Chorus]\r\n          <br /> Fmaj7 G\r\n          <br /> So please please please\r\n          <br /> C G/B Fmaj7\r\n          <br /> Let me, let me, let me\r\n          <br /> G\r\n          <br /> Let me get what I want\r\n          <br /> Am Am Fmaj7 G Gsus4\r\n          <br /> This time\r\n          <br />\r\n          <br /> [Verse]\r\n          <br /> Cmaj7 G C G\r\n          <br /> Haven\'t had a dream in a long time\r\n          <br /> Em\r\n          <br /> See, the life I\'ve had\r\n          <br /> Fmaj7 G Gsus4 G\r\n          <br /> Can make a good man bad\r\n          <br />\r\n          <br /> [Chorus]\r\n          <br /> Fmaj7 G\r\n          <br /> So for once in my life\r\n          <br /> C G/B Fmaj7\r\n          <br /> Let me get what I want\r\n          <br /> G Am\r\n          <br /> Lord knows, it would be the first time\r\n          <br /> Fmaj7 G C C9\r\n          <br /> Lord knows, it would be the first time\r\n          <br />\r\n          <br /> [Outro]\r\n          <br /> | Fmaj7 | G | C G/B | Fmaj7 |\r\n          <br /> | Fmaj7 | G | C | C9 |\r\n          <br /> | Em | Em | Am | Am |\r\n          <br /> | Fmaj7 | Fmaj7 | G\r\n        </div>\r\n      </div>\r\n    </div>', 'tutorgitarpleaseletme-thesmiths.mp4', '2024-03-23 13:01:52');
INSERT INTO `song` VALUES (21, 'I Miss You', 'Blink 182', 'blink 182.jpg', 'Alternatif/Indie, Rock', 'Hello there, the angel from my nightmare\r\nthe shadow in the background of the morgue\r\nthe unsuspecting victim of darkness in the valley\r\nwe can live like Jack and Sally if we want\r\nwhere you can always find me\r\nwe\'ll have Halloween on Christmas\r\nand in the night we\'ll wish this never ends\r\nwe\'ll wish this never ends\r\n(I miss you, miss you)\r\n(I miss you, miss you)\r\nWhere are you and I\'m so sorry\r\nI cannot sleep, I cannot dream tonight\r\nI need somebody and always\r\nthis sick strange darkness\r\ncomes creeping on so haunting every time\r\nand as I stared I counted\r\nwebs from all the spiders\r\ncatching things and eating their insides\r\nlike indecision to call you\r\nand hear your voice of treason\r\nwill you come home and stop this pain tonight\r\nstop this pain tonight\r\nDon\'t waste your time on me you\'re already\r\nthe voice inside my head (I miss you, miss you)\r\ndon\'t waste your time on me you\'re already\r\nthe voice inside my head (I miss you, miss you)\r\nDon\'t waste your time on me you\'re already\r\nthe voice inside my head (I miss you, miss you)\r\ndon\'t waste your time on me you\'re already\r\nthe voice inside my head (I miss you, miss you)\r\nDon\'t waste your time on me you\'re already\r\nthe voice inside my head (I miss you, miss you)\r\ndon\'t waste your time on me you\'re already\r\nthe voice inside my head (I miss you, miss you)\r\n(I miss you, miss you)\r\n(I miss you, miss you)\r\n(I miss you, miss you)\r\n(I miss you, miss you)', NULL, 'blink182-imissyou.mp4', '<div className=\"flex flex-col py-4 px-4\">\r\n      <div className=\"text-white\">\r\n        <h1 className=\"font-bold text-3xl\">I Miss You Chords by Blink-182</h1>\r\n        <h2 className=\"flex flex-col py-6\">\r\n          <p>\r\n            <span className=\"text-md\">Penulis Chord: Ilham</span>\r\n          </p>\r\n          <p>\r\n            <span className=\"text-md\">Kesulitan: Menengah</span>\r\n          </p>\r\n          <p>\r\n            <span className=\"text-md\">Penyetelan: Eb Ab Db Gb Bb Eb</span>\r\n          </p>\r\n          <p>\r\n            <span className=\"text-md\">Capo: No Capo</span>\r\n          </p>\r\n        </h2>\r\n        <br />\r\n        <hr className=\"border-gray-500\" />\r\n      </div>\r\n\r\n      <div className=\"flex flex-col py-8\">\r\n        <div className=\"text-whtie tracking-widest text-md py-1\">\r\n          <br /> Fadd#11 = 133201 or x33201\r\n          <br />\r\n          <br />\r\n          <br /> [Intro]\r\n          <br />\r\n          <br /> C C/B Am C/B\r\n          <br /> C C/B Am C/B\r\n          <br /> C C/B Am C/B\r\n          <br />\r\n          <br />\r\n          <br /> [Verse 1]\r\n          <br />\r\n          <br /> C C/B\r\n          <br /> Hello there, the angel from my nightmare\r\n          <br /> Am C/B\r\n          <br /> The shadow in the background of the morgue\r\n          <br /> C C/B\r\n          <br /> The unsuspecting victim of darkness in the valley\r\n          <br /> Am C/B\r\n          <br /> We can live like Jack and Sally if we want\r\n          <br /> C\r\n          <br /> Where you can always find me\r\n          <br /> C/B\r\n          <br /> And we\'ll have Halloween on Christmas\r\n          <br /> Am G/B\r\n          <br /> And in the night we\'ll wish this never ends\r\n          <br /> C\r\n          <br /> We\'ll wish this never ends\r\n          <br />\r\n          <br />\r\n          <br /> [Chorus A]\r\n          <br />\r\n          <br /> C Cadd9 C/E G F Fadd#11 F\r\n          <br /> (I miss you, I miss\r\n          <br /> C Cadd9 C/E G F Fadd#11 F C\r\n          <br /> you) (I miss you, I miss you)\r\n          <br />\r\n          <br />\r\n          <br /> [Verse 2]\r\n          <br />\r\n          <br /> C C/B\r\n          <br /> Where are you and I\'m so sorry\r\n          <br /> Am C/B\r\n          <br /> I cannot sleep I cannot dream tonight\r\n          <br /> C\r\n          <br /> I need somebody and always\r\n          <br /> C/B\r\n          <br /> This sick strange darkness\r\n          <br /> Am G/B\r\n          <br /> Comes creeping on so haunting every time\r\n          <br /> C\r\n          <br /> And as I stared I counted\r\n          <br /> C/B\r\n          <br /> Webs from all the spiders\r\n          <br /> Am C/B\r\n          <br /> Catching things and eating their insides\r\n          <br /> C\r\n          <br /> Like indecision to call you\r\n          <br /> C/B\r\n          <br /> and hear your voice of treason\r\n          <br /> Am G/B\r\n          <br /> Will you come home and stop this pain tonight\r\n          <br />\r\n          <br /> Stop this pain tonight\r\n          <br />\r\n          <br />\r\n          <br /> [Chorus B]\r\n          <br />\r\n          <br /> C Cadd9 C/E G\r\n          <br /> Don\'t waste your time on me you\'re already\r\n          <br /> F Fadd#11 F\r\n          <br /> The voice inside my head (I miss you, I miss you)\r\n          <br /> C Cadd9 C/E G\r\n          <br /> Don\'t waste your time on me you\'re already\r\n          <br /> F Fadd#11 F C\r\n          <br /> The voice inside my head (I miss you, I miss you)\r\n          <br />\r\n          <br />\r\n          <br /> [Interlude]\r\n          <br />\r\n          <br /> Am G/B C G/B\r\n          <br /> Am G/B C G/B\r\n          <br />\r\n          <br />\r\n          <br /> [Chorus B]\r\n          <br />\r\n          <br /> C Cadd9 C/E G\r\n          <br /> Don\'t waste your time on me you\'re already\r\n          <br /> F Fadd#11 F\r\n          <br /> The voice inside my head (I miss you, miss you)\r\n          <br /> C Cadd9 C/E G\r\n          <br /> Don\'t waste your time on me you\'re already\r\n          <br /> F Fadd#11 F\r\n          <br /> The voice inside my head (I miss you, miss you)\r\n          <br />\r\n          <br />\r\n          <br /> C Cadd9 C/E G\r\n          <br /> Don\'t waste your time on me you\'re already\r\n          <br /> F Fadd#11 F\r\n          <br /> The voice inside my head (I miss you, miss you)\r\n          <br /> C Cadd9 C/E G\r\n          <br /> Don\'t waste your time on me you\'re already\r\n          <br /> F Fadd#11 F C\r\n          <br /> The voice inside my head (I miss you, miss you)\r\n          <br />\r\n          <br />\r\n          <br /> [Outro]\r\n          <br />\r\n          <br /> C Cadd9 C/E G F Fadd#11 F\r\n          <br /> (I miss you, miss\r\n          <br /> C Cadd9 C/E G F Fadd#11 F\r\n          <br /> you) (I miss you, miss you)\r\n        </div>\r\n      </div>\r\n    </div>', 'tutorgitarimissyou-blink182.mp4', '2024-03-23 13:14:32');
INSERT INTO `song` VALUES (22, 'Bohemian Rhapsody', 'Queen', 'album queen.jpg', ' Hard rock, Musik rok progresif, Art rock, Alternatif/Indie, Progressive pop, Pop, Rock', 'Is this the real life? Is this just fantasy?\r\nCaught in a landslide, no escape from reality\r\nOpen your eyes, look up to the skies and see\r\nI\'m just a poor boy, I need no sympathy\r\nBecause I\'m easy come, easy go, little high, little low\r\nAny way the wind blows doesn\'t really matter to me, to me\r\nMama, just killed a man\r\nPut a gun against his head, pulled my trigger, now he\'s dead\r\nMama, life had just begun\r\nBut now I\'ve gone and thrown it all away\r\nMama, ooh, didn\'t mean to make you cry\r\nIf I\'m not back again this time tomorrow\r\nCarry on, carry on as if nothing really matters\r\nToo late, my time has come\r\nSends shivers down my spine, body\'s aching all the time\r\nGoodbye, everybody, I\'ve got to go\r\nGotta leave you all behind and face the truth\r\nMama, ooh (any way the wind blows)\r\nI don\'t wanna die\r\nI sometimes wish I\'d never been born at all\r\nI see a little silhouetto of a man\r\nScaramouche, Scaramouche, will you do the Fandango?\r\nThunderbolt and lightning, very, very frightening me\r\n(Galileo) Galileo, (Galileo) Galileo, Galileo Figaro, magnifico\r\nBut I\'m just a poor boy, nobody loves me\r\nHe\'s just a poor boy from a poor family\r\nSpare him his life from this monstrosity\r\nEasy come, easy go, will you let me go?\r\n \r\nNo, we will not let you go (let him go)\r\n \r\nWe will not let you go (let him go)\r\n \r\nWe will not let you go (let me go)\r\nWill not let you go (let me go)\r\nNever, never, never, never let me go\r\nNo, no, no, no, no, no, no\r\nOh, mamma mia, mamma mia\r\nMamma mia, let me go\r\nBeelzebub has a devil put aside for me, for me, for me\r\nSo you think you can stone me and spit in my eye?\r\nSo you think you can love me and leave me to die?\r\nOh, baby, can\'t do this to me, baby\r\nJust gotta get out, just gotta get right outta here\r\nOoh\r\nOoh, yeah, ooh, yeah\r\nNothing really matters, anyone can see\r\nNothing really matters\r\nNothing really matters to me', NULL, 'queen-bohemianrhapsody.mp4', '<div className=\"flex flex-col py-4 px-4\">\r\n      <div className=\"text-white\">\r\n        <h1 className=\"font-bold text-3xl\">\r\n          Bohemian Rhapsody Chords by Queen\r\n        </h1>\r\n        <h2 className=\"flex flex-col py-6\">\r\n          <p>\r\n            <span className=\"text-md\">Penulis Chord: Ilham</span>\r\n          </p>\r\n          <p>\r\n            <span className=\"text-md\">Kesulitan: Sulit</span>\r\n          </p>\r\n          <p>\r\n            <span className=\"text-md\">Penyetelan: E A D G B E</span>\r\n          </p>\r\n          <p>\r\n            <span className=\"text-md\">Capo: Fret 3</span>\r\n          </p>\r\n        </h2>\r\n        <br />\r\n        <hr className=\"border-gray-500\" />\r\n      </div>\r\n\r\n      <div className=\"flex flex-col py-8\">\r\n        <div className=\"text-whtie tracking-widest text-md py-1\">\r\n          <br /> [Intro]\r\n          <br />\r\n          <br /> Em7\r\n          <br /> Is this the real life\r\n          <br /> A7\r\n          <br /> Is this just fantasy\r\n          <br /> D7 Am7 D7\r\n          <br /> Caught in a landslide\r\n          <br /> G\r\n          <br /> No escape from reality\r\n          <br /> Em\r\n          <br /> Open your eyes\r\n          <br /> G7 C\r\n          <br /> Look up to the skies and see\r\n          <br /> Am D7\r\n          <br /> I\'m just a poor boy, I need no sympathy\r\n          <br /> G# G F# G\r\n          <br /> Because I\'m easy come, easy go,\r\n          <br /> G# G F# G\r\n          <br /> little high, little low,\r\n          <br /> C G/B Bbdim7 D7/A\r\n          <br /> Any way the wind blows, doesn\'t really matter to me,\r\n          <br /> G\r\n          <br /> To me\r\n          <br />\r\n          <br />\r\n          <br /> [Verse]\r\n          <br />\r\n          <br /> G Em\r\n          <br /> Mama, just killed a man,\r\n          <br /> Am\r\n          <br /> Put a gun against his head,\r\n          <br /> Am D\r\n          <br /> Pulled my trigger, now he\'s dead,\r\n          <br /> G Em\r\n          <br /> Mama, life had just begun,\r\n          <br /> Am Am/G# Am/G Am/F# Am/F Am/E\r\n          <br /> But now I\'ve gone and thrown it all away\r\n          <br /> C G Am\r\n          <br /> Mama ooooh,\r\n          <br /> Dm\r\n          <br /> Didn\'t mean to make you cry\r\n          <br /> G C\r\n          <br /> If I\'m not back again this time tomorrow\r\n          <br /> G Am Fm C\r\n          <br /> Carry on, carry on, as if nothing really matters\r\n          <br />\r\n          <br /> G\r\n          <br />\r\n          <br />\r\n          <br /> [Verse]\r\n          <br />\r\n          <br /> G Em\r\n          <br /> Too late, my time has come,\r\n          <br /> Am\r\n          <br /> Sends shivers down my spine\r\n          <br /> Am D\r\n          <br /> Body\'s aching all the time,\r\n          <br /> G Em\r\n          <br /> Goodbye everybody - I\'ve got to go\r\n          <br /> Am Am/G# Am/G Am/F# Am/F Am/E\r\n          <br /> Gotta leave you all behind and face the truth\r\n          <br /> C G Am\r\n          <br /> Mama ooooh (any way the wind blows)\r\n          <br /> Dm\r\n          <br /> I don\'t want to die,\r\n          <br /> G C\r\n          <br /> I sometimes wish I\'d never been born at all\r\n          <br />\r\n          <br />\r\n          <br /> [Solo]\r\n          <br />\r\n          <br /> | C G | Am | Dm | G |\r\n          <br /> | C G | Am | Dm | Bb Bb A G# G | F# |\r\n          <br />\r\n          <br />\r\n          <br /> [Interlude 1]\r\n          <br />\r\n          <br /> B F# F F# B F# F\r\n          <br /> I see a little silhouetto of a man,\r\n          <br /> F# B F# B F# F F# B F#\r\n          <br /> Scaramouche, scaramouche, will you do the Fandango\r\n          <br /> A# F A C# F#\r\n          <br /> Thunderbolt and lightning, very very frightening me\r\n          <br /> N.C.\r\n          <br /> Galileo, Galileo\r\n          <br /> N.C.\r\n          <br /> Galileo, Galileo\r\n          <br /> N.C.\r\n          <br /> Galileo, Figaro - Magnifico\r\n          <br />\r\n          <br /> G# G F# G G# G F# G\r\n          <br /> I\'m just a poor boy, no-body loves me.\r\n          <br /> F C Cdim C F C Cdim C\r\n          <br /> He\'s just a poor boy from a poor fami-ly.\r\n          <br /> F C/E D G F C/E D#dim Dm7\r\n          <br /> Spare him his life from this monstrosity.\r\n          <br /> G# G F# G G# G F# G C G\r\n          <br /> Easy come, easy go, will you let me go? Bismillah!\r\n          <br /> C G G C G\r\n          <br /> No, we will not let you go. Bismillah!\r\n          <br /> G G C G G\r\n          <br /> We will not let you go. Bismillah! We will not let you go.\r\n          <br /> G G D#7\r\n          <br /> Will not let you go. Will not let you go. Ahhhhhhhhh\r\n          <br /> G#m F# B A# D# G C N.C.\r\n          <br /> No, no, no, no, no, no, no. Oh, mama mia, mama mia\r\n          <br /> C G C F B Em G\r\n          <br /> Mama mia, let me go. Beelzebub has a devil put aside for me,\r\n          <br />\r\n          <br />\r\n          <br /> [Riff]\r\n          <br />\r\n          <br /> | C | C | C | D |\r\n          <br />\r\n          <br />\r\n          <br /> [Interlude 2]\r\n          <br />\r\n          <br /> G C G Bb\r\n          <br /> So you think you can stone me and spit in my eye\r\n          <br /> G C F\r\n          <br /> So you think you can love me and leave me to die\r\n          <br /> Dm G Dm G\r\n          <br /> Oh, baby - can\'t do this to me, baby\r\n          <br /> Dm G Dm G C\r\n          <br /> Just gotta get out - just gotta get right outta here\r\n          <br />\r\n          <br />\r\n          <br /> [Riff/Instrumental]\r\n          <br />\r\n          <br /> |(C) | C | C | D | N.C.|\r\n          <br /> | Ab | F | G | G | G |\r\n          <br /> | C G | Am E Am | E Am G C | B Em | F C |\r\n          <br />\r\n          <br />\r\n          <br /> [Outro]\r\n          <br />\r\n          <br /> Am Em\r\n          <br /> Nothing really matters,\r\n          <br /> Am Em\r\n          <br /> Anyone can see,\r\n          <br /> Am Fm F/G C\r\n          <br /> Nothing really matters, nothing really matters to me,\r\n          <br />\r\n          <br />\r\n          <br /> [Instrumental]\r\n          <br />\r\n          <br /> |(C) F/C | C Cdim |\r\n          <br /> | G/B Gm/Bb | A Bbdim | A A7 D |\r\n          <br />\r\n          <br />\r\n          <br /> [Coda]\r\n          <br />\r\n          <br /> G D/F# Ddim/F Em7 D\r\n          <br /> Any way the wind blows ...\r\n          <br />\r\n          <br />\r\n          <br /> G x-x-5-4-3-x\r\n          <br /> D/F# x-x-4-2-3-x\r\n          <br /> Ddim/F x-x-3-1-3-x\r\n          <br /> Em7 x-x-2-0-3-x\r\n        </div>\r\n      </div>\r\n    </div>', 'tutorgitarbohemian-queen.mp4', '2024-03-23 13:17:07');
INSERT INTO `song` VALUES (23, 'Benci Untuk Mencita', 'Naif', 'album naif.jpg', 'Indonesian Rock', 'Oh betapa ku saat ini\r\nKu benci untuk mencinta\r\nMencintaimu\r\nOh betapa ku saat ini\r\nAku cinta untuk membenci\r\nMembencimu\r\nAku tak tahu apa yang terjadi\r\nAntara aku dan kau\r\nYang ku tahu pasti\r\nKu benci untuk mencintaimu\r\nUh\r\nAku tak tahu apa yang terjadi\r\nAntara aku dan kau\r\nYang ku tahu pasti\r\nKu benci untuk mencintaimu\r\nDan aku tak tahu apa yang terjadi\r\nAntara aku dan kau\r\nYang ku tahu pasti\r\nKu benci untuk mencintaimu\r\nYang ku tahu pasti\r\nKu benci untuk mencintaimu', NULL, 'naif-benciuntukmencita.mp4', '<div className=\"flex flex-col py-4 px-4\">\r\n      <div className=\"text-white\">\r\n        <h1 className=\"font-bold text-3xl\">\r\n          Kunci Gitar Naif Benci Untuk Mencinta chord\r\n        </h1>\r\n        <h2 className=\"flex flex-col py-6\">\r\n          <p>\r\n            <span className=\"text-md\">Penulis Chord: Ilham</span>\r\n          </p>\r\n          <p>\r\n            <span className=\"text-md\">Kesulitan: Menengah</span>\r\n          </p>\r\n          <p>\r\n            <span className=\"text-md\">Penyetelan: E A D G B E</span>\r\n          </p>\r\n          <p>\r\n            <span className=\"text-md\">Capo: No Capo</span>\r\n          </p>\r\n        </h2>\r\n        <br />\r\n        <hr className=\"border-gray-500\" />\r\n      </div>\r\n\r\n      <div className=\"flex flex-col py-8\">\r\n        <div className=\"text-whtie tracking-widest text-md py-1\">\r\n          <br /> [Intro]\r\n          <br /> D Dmaj7 D7 G Gm F#m A A7\r\n          <br />\r\n          <br /> [Verse]\r\n          <br /> D Dmaj7\r\n          <br /> oh.. betapa ku saat ini\r\n          <br /> D7 G\r\n          <br /> ku benci untuk mencinta\r\n          <br /> Gm F#m A\r\n          <br /> mencintaimu..\r\n          <br />\r\n          <br /> D Dmaj7\r\n          <br /> oh.. betapa ku saat ini\r\n          <br /> D7 G\r\n          <br /> ku cinta untuk membenci\r\n          <br /> Gm F#m A A7\r\n          <br /> membencimu..\r\n          <br />\r\n          <br /> [Refrain]\r\n          <br /> D F#\r\n          <br /> aku tak tau apa yang terjadi\r\n          <br /> Bm D7\r\n          <br /> antara aku dan kau\r\n          <br /> G\r\n          <br /> yang ku tau pasti\r\n          <br /> Gm D A\r\n          <br /> ku benci untuk mencintaimu..\r\n          <br />\r\n          <br /> [Interlude]\r\n          <br /> D A/C# C Bm Em B D A/C# F#m Bm C G A A7\r\n          <br />\r\n          <br /> [Refrain]\r\n          <br /> D F#\r\n          <br /> aku tak tau apa yang terjadi\r\n          <br /> Bm D7\r\n          <br /> antara aku dan kau\r\n          <br /> G\r\n          <br /> yang ku tau pasti\r\n          <br /> Gm D A\r\n          <br /> ku benci untuk mencintaimu..\r\n          <br />\r\n          <br /> D F#\r\n          <br /> aku tak tau apa yang terjadi\r\n          <br /> Bm D7\r\n          <br /> antara aku dan kau\r\n          <br /> G\r\n          <br /> yang ku tau pasti\r\n          <br /> Gm D A Bm\r\n          <br /> ku benci untuk mencintaimu..\r\n          <br />\r\n          <br /> G\r\n          <br /> yang ku tau pasti\r\n          <br /> Gm D A Bm\r\n          <br /> ku benci untuk mencintaimu\r\n          <br />\r\n          <br /> G\r\n          <br /> yang ku tau pasti\r\n          <br /> Gm D\r\n          <br /> ku benci untuk mencintaimu\r\n          <br />\r\n          <br />\r\n          <br /> [Outro]\r\n          <br /> D C# Bm A G Gm A D\r\n          <br /> D F# Bm D7 G Gm D A D\r\n        </div>\r\n      </div>\r\n    </div>', 'tutorgitarbenciuntukmencinta-naif.mp4', '2024-03-23 13:19:30');

-- ----------------------------
-- Table structure for user
-- ----------------------------
DROP TABLE IF EXISTS `user`;
CREATE TABLE `user`  (
  `id` int NOT NULL AUTO_INCREMENT,
  `username` varchar(255) CHARACTER SET utf8mb4 COLLATE utf8mb4_0900_ai_ci NOT NULL,
  `password` varchar(255) CHARACTER SET utf8mb4 COLLATE utf8mb4_0900_ai_ci NOT NULL,
  `full_name` varchar(255) CHARACTER SET utf8mb4 COLLATE utf8mb4_0900_ai_ci NULL DEFAULT NULL,
  `createdAt` timestamp NULL DEFAULT CURRENT_TIMESTAMP,
  PRIMARY KEY (`id`) USING BTREE
) ENGINE = InnoDB AUTO_INCREMENT = 19 CHARACTER SET = utf8mb4 COLLATE = utf8mb4_0900_ai_ci ROW_FORMAT = DYNAMIC;

-- ----------------------------
-- Records of user
-- ----------------------------
INSERT INTO `user` VALUES (12, 'admin', '$2b$10$fvq9ej.n.f2k4vh/OnS.TuTHVrAyLH79QMAl/HBb6oOC3ZwIT1Py.', 'Admin Username', '2024-03-03 17:53:28');
INSERT INTO `user` VALUES (13, 'admi', '[object Promise]', 'Admin Username', '2024-03-03 18:07:14');
INSERT INTO `user` VALUES (14, 'ilham', '$2b$10$FSomcANP3WNzKhVbThWPwOGze2t4cyzdiu95zhkJPQ6pGpw1cl2Ju', 'muhammad ilham', '2024-05-15 12:17:07');
INSERT INTO `user` VALUES (15, 'lexsy', '$2b$10$lcNrW0KIdVRNiGAkK.C8E.ovOyyXnwzmTN3KRIiffqVwHNCUk6scG', 'lexsy', '2024-05-16 02:34:46');
INSERT INTO `user` VALUES (16, 'azardin', '$2b$10$0FGjsDgLikHn7uuIb4VTJOu93hJH/5qsangFsxEtDW7/LQCZH9q.m', 'azardin', '2024-05-18 18:55:41');
INSERT INTO `user` VALUES (17, 'bangalex', '$2b$10$6Cs.hqAchTvqcxw3h.nZ0.FR5bcBapP4Pwvi6EWhkY0SZY6ctf7MW', 'bang alex', '2024-05-20 14:11:42');
INSERT INTO `user` VALUES (18, 'bungtoel123', '$2b$10$2w/DYpVT2H/1Rj0MdTKKHusNZSzOh7XEsqL/is65S.o6hZCtCxQmG', 'bung toel', '2024-05-20 14:39:43');

SET FOREIGN_KEY_CHECKS = 1;
